Time,UTC_Time,Date,UTC_Date,Pitcher,Pitcher_ID,Pitcher_Hand,Pitcher_Team,Pitch_Set,Pitch_Type,Pitch_Velocity,Pitch_Release_Vertical,Pitch_Release_Horizontal,Spin_Rate,Pitch_Spin_Direction,Pitch_Tilt,Release_Height,Release_Side,Extension,Break_Vertical,Break_Induced_Vertical,Break_Horizontal,Strike_Zone_Height,Strike_Zone_Side,Plate_Speed,Approach_Angle_Vertical,Approach_Angle_Horizontal,Pitch_Time,pfxx,pfxz,x0,y0,z0,vx0,vy0,vz0,ax,ay,az,GUID,px,pz,Pitch_Strike_Zone_Front,Strike_Zone_Top,Strike_Zone_Bottom,Pitch_Spin_Tilt_Hours,Pitch_Spin_Tilt_Minutes,Pitch_Poly_X,Pitch_Poly_Y,Pitch_Poly_Z,Strike_Zone_Position,Pitch_Count,Plate_Appearance,Pitcher_External_ID,Pitcher_League_ID
17:54:34,23:54:34,1/15/2026,1/15/2026,Nash Crosby  (#16),34542005,R,Southwest Baptist University,WU,FF,82.4,0.18,-1.33,1886,213.43,1:00,5.67,8.44,7.6,-23.79,13.59,8.97,46.15,-3.04,75.24,-4.38,0.37,0.45,-5.36,8.63,-0.64,50,5.67,1.74,-81.9,-0.12,-7.79,24.15,-19.63,657E8BB7-9A8C-4A9E-A5EE-B6C74C8DE508,-3.05,46.14,-3.04; 17.00; 46.15,-,-,1,0,-0.70; 2.79; -4.26; 0.83; -0.53,52.91; -120.83; 13.01; -1.88; 0.91,5.67; 0.37; -10.34; 1.30; -0.95,11,2,1,-,1
17:54:52,23:54:52,1/15/2026,1/15/2026,Nash Crosby  (#16),34542005,R,Southwest Baptist University,WU,CH,73.94,-1.95,-1.29,1417,225.99,1:30,5.43,11.57,7.7,-38.14,7.94,8.22,6.1,-5.91,68.46,-9.19,0.27,0.5,-4.93,6.26,-0.9,50,5.33,1.53,-73.48,-3.02,-5.8,18.65,-24.81,652FDD65-DF56-4E3B-9930-43D068D7C8BD,-5.92,6.08,-5.91; 17.00; 6.10,-,-,1,30,-0.96; 2.43; -3.17; 0.55; -0.32,52.77; -108.36; 9.98; -1.00; 0.20,5.43; -3.71; -12.97; 1.14; -0.64,13,3,1,-,1
17:55:13,23:55:13,1/15/2026,1/15/2026,Nash Crosby  (#16),34542005,R,Southwest Baptist University,WU,FF,82.87,-0.92,-1.39,1919,196.34,12:30,5.67,8.99,7.7,-22.09,14.7,4.31,36.05,1.67,75.78,-5.15,-0.57,0.44,-2.8,9.6,-0.68,50,5.62,1.92,-82.38,-1.66,-4.12,24.39,-18.05,36FCD63F-6119-4664-82ED-5CCA8DA71612,1.67,36.04,1.67; 17.00; 36.05,-,-,12,30,-0.75; 2.94; -2.24; 0.40; -0.24,52.79; -121.46; 12.52; 0.31; -1.53,5.67; -1.97; -9.41; 0.81; -0.46,2,4,1,-,1
17:55:32,23:55:32,1/15/2026,1/15/2026,Nash Crosby  (#16),34542005,R,Southwest Baptist University,WU,FF,83.24,-1.26,-1.86,1919,208.51,1:00,5.67,5.72,7.6,-22.7,13.85,7.52,31.81,6.83,76.38,-5.59,-0.44,0.44,-4.68,9.14,-0.39,50,5.6,2.55,-82.72,-2.18,-6.98,23.8,-18.57,6AF8B2F5-179C-40F9-AA30-484F9724994F,6.82,31.8,6.83; 17.00; 31.81,-,-,1,0,-0.48; 3.95; -3.81; 0.74; -0.48,52.89; -121.98; 12.48; -0.67; -0.40,5.67; -2.70; -9.67; 0.80; -0.42,6,5,1,-,1
17:55:57,23:55:57,1/15/2026,1/15/2026,Nash Crosby  (#16),34542005,R,Southwest Baptist University,WU,SL,74.15,0.33,-2.72,1846,31.14,7:00,5.28,12.82,7.2,-51.29,-4,-2.42,15.64,19.2,67.84,-9.38,-3.18,0.5,0.47,-0.99,-0.91,50,5.28,3.53,-73.54,-0.37,0.55,21.1,-33.34,73655510-6A40-413A-9A53-CF51E273D9A3,19.2,15.62,19.20; 17.00; 15.64,-,-,7,0,-1.07; 5.16; 0.29; -0.02; 0.00,53.32; -108.68; 11.77; -2.59; 1.62,5.28; 0.59; -17.41; 1.43; -0.76,14,6,1,-,1
17:56:16,23:56:16,1/15/2026,1/15/2026,Nash Crosby  (#16),34542005,R,Southwest Baptist University,WU,FF,83.93,-0.53,-0.66,1895,210.6,1:00,5.75,6.87,7.5,-23.59,12.49,7.39,39.65,-7.17,77.1,-5.02,0.74,0.44,-4.25,8.1,-0.54,50,5.71,0.82,-83.45,-1.17,-6.46,23.82,-19.89,621C21B5-23DA-448E-8406-70A30EE325F3,-7.17,39.64,-7.17; 17.00; 39.65,-,-,1,0,-0.57; 1.39; -3.52; 0.67; -0.42,53.04; -123.10; 12.73; -1.50; 0.50,5.75; -1.17; -10.37; 0.94; -0.56,1,7,1,-,1
17:56:42,23:56:42,1/15/2026,1/15/2026,Nash Crosby  (#16),34542005,R,Southwest Baptist University,WU,CU,70.41,1.93,-0.79,1685,34.23,7:15,5.66,9.35,7.1,-60.84,-8.55,-5.82,28.08,5.06,64.76,-9.57,-1.88,0.53,2.94,-3.9,-0.73,50,5.75,1.06,-69.88,1.44,3.1,18.16,-36.3,A7C576EC-1B85-4ABC-AA28-0B8914CB7B2A,5.06,28.05,5.06; 17.00; 28.08,-,-,7,15,-0.78; 1.43; 1.69; -0.25; 0.12,53.37; -103.20; 9.68; -0.74; -0.03,5.66; 3.44; -18.96; 1.50; -0.77,6,9,1,-,1
17:57:04,23:57:04,1/15/2026,1/15/2026,Nash Crosby  (#16),34542005,R,Southwest Baptist University,WU,SL,73.07,2.6,-1.44,1787,92.55,9:00,5.51,9.57,7.7,-47.19,0.4,-9.02,47,14.93,66.69,-6.45,-3.15,0.5,4.59,0.77,-0.72,50,5.63,1.96,-72.54,2.66,5.22,19.79,-31.31,2B206841-0B0E-4D26-A520-0FDC44713F8C,14.94,46.98,14.93; 17.00; 47.00,-,-,9,0,-0.80; 2.70; 2.83; -0.41; 0.20,52.81; -107.03; 10.54; -0.85; -0.01,5.51; 4.83; -16.35; 1.34; -0.71,12,10,1,-,1
17:57:24,23:57:24,1/15/2026,1/15/2026,Nash Crosby  (#16),34542005,R,Southwest Baptist University,WU,FF,82.23,-0.56,-1.03,1915,201.86,12:45,5.78,5.86,7.8,-22.69,14.48,5.81,40.7,-0.61,75.32,-4.91,0.07,0.45,-3.53,9.39,-0.44,50,5.75,1.37,-81.77,-1.13,-5.14,23.6,-18.53,88671E8E-1316-4F22-9005-C41B3C7D4049,-0.61,40.69,-0.61; 17.00; 40.70,-,-,12,45,-0.49; 2.15; -2.80; 0.52; -0.32,52.69; -120.55; 12.16; 0.14; -1.30,5.78; -1.18; -9.78; 1.27; -0.95,2,11,1,-,1
17:57:55,23:57:55,1/15/2026,1/15/2026,Nash Crosby  (#16),34542005,R,Southwest Baptist University,WU,CH,73.78,-1.42,-1.33,1453,218.48,1:15,5.45,8.61,8.1,-37.15,8.55,6.8,13.05,-1.23,68.11,-8.54,-0.03,0.49,-4.21,6.55,-0.66,50,5.38,1.6,-73.37,-2.28,-4.92,18.95,-24.51,10901E89-E536-4C19-AFAE-1F1708B40931,-1.23,13.04,-1.23; 17.00; 13.05,-,-,1,15,-0.72; 2.49; -2.68; 0.44; -0.24,52.43; -108.12; 9.80; 0.09; -0.91,5.45; -2.71; -12.78; 1.01; -0.52,13,12,1,-,1
17:58:13,23:58:13,1/15/2026,1/15/2026,Nash Crosby  (#16),34542005,R,Southwest Baptist University,WU,FF,82.71,-0.82,-1.18,1866,207.43,1:00,5.65,5.29,7.5,-23.17,14.06,7.3,35.83,0.19,75.51,-5.25,0.2,0.45,-4.38,9.18,-0.38,50,5.6,1.57,-82.19,-1.55,-6.41,24.62,-18.75,523F8B5E-69EB-499C-ADF1-558477742DC8,0.19,35.82,0.19; 17.00; 35.83,-,-,1,0,-0.44; 2.49; -3.51; 0.68; -0.44,52.97; -121.25; 12.89; -0.60; -0.51,5.65; -1.74; -9.92; 1.37; -1.06,2,13,1,-,1
17:58:47,23:58:47,1/15/2026,1/15/2026,Nash Crosby  (#16),34542005,R,Southwest Baptist University,WU,SL,70.31,1.68,-2.09,1671,49.16,7:45,5.66,8.98,7.5,-63.38,-11.59,-13.41,22.79,27,64.99,-10.33,-4.62,0.53,6.79,-5.6,-0.63,50,5.73,2.75,-69.79,1.18,7.15,18.12,-38.07,8BC30DA9-7888-452B-A029-8E6459E57A00,27.01,22.76,27.00; 17.00; 22.79,-,-,7,45,-0.75; 3.77; 3.90; -0.61; 0.32,53.02; -102.95; 9.15; 0.86; -1.56,5.66; 2.98; -19.89; 1.58; -0.81,14,14,1,-,1
17:59:09,23:59:09,1/15/2026,1/15/2026,Nash Crosby  (#16),34542005,R,Southwest Baptist University,WU,FF,82.27,-0.09,-1.27,1784,212.2,1:00,5.69,8.49,7.7,-26.14,10.98,6.91,41.16,-1.77,75.77,-5.08,0.04,0.44,-4.18,7.2,-0.65,50,5.68,1.69,-81.83,-0.52,-6.12,22.37,-21.65,22451DC9-2416-4492-8B46-5B1D431ABA73,-1.78,41.15,-1.77; 17.00; 41.16,-,-,1,0,-0.71; 2.65; -3.34; 0.62; -0.39,52.77; -120.60; 11.49; 0.23; -1.31,5.69; -0.21; -11.32; 1.10; -0.68,2,15,1,-,1
17:59:44,23:59:44,1/15/2026,1/15/2026,Nash Crosby  (#16),34542005,R,Southwest Baptist University,WU,FF,82.11,-0.37,-1.9,1824,205.92,12:45,5.75,2.86,7.6,-25.38,12.12,5.89,39.56,11.7,75.37,-5.22,-0.78,0.45,-3.79,7.94,-0.15,50,5.72,2.6,-81.62,-0.93,-5.5,23.02,-20.66,264E0E57-0AD2-45AF-8063-E60F1CD87C46,11.7,39.55,11.70; 17.00; 39.56,-,-,12,45,-0.24; 3.97; -3.00; 0.55; -0.33,52.87; -120.31; 11.53; 1.35; -2.59,5.75; -0.81; -10.75; 0.87; -0.45,12,16,1,-,1
18:01:03,0:01:03,1/15/2026,1/16/2026,Nash Crosby  (#16),34542005,R,Southwest Baptist University,WU,CU,69.38,1.98,-0.19,1683,15.49,6:30,5.82,7.68,7.1,-68.52,-14.49,-4.01,22.79,-1.64,63.74,-10.98,-0.94,0.54,2.14,-7.15,-0.63,50,5.91,0.29,-68.83,1.37,2.17,18.48,-39.47,AE59DB9A-4947-46FF-8BBF-42BD16FC048D,-1.64,22.76,-1.64; 17.00; 22.79,-,-,6,30,-0.64; 0.34; 1.19; -0.19; 0.10,53.36; -101.70; 10.01; -1.19; 0.36,5.82; 3.46; -20.65; 1.72; -0.91,8,17,1,-,1
18:01:28,0:01:28,1/15/2026,1/16/2026,Nash Crosby  (#16),34542005,R,Southwest Baptist University,WU,FF,82.38,-0.68,-1.48,1790,203.21,12:45,5.69,4.39,8.3,-23.69,12.58,5.39,37.43,5.97,75.69,-5.26,-0.45,0.44,-3.47,8.45,-0.31,50,5.66,2.04,-81.98,-1.28,-5.09,23.26,-19.82,36ACE3F7-BD44-49F2-9090-3931CE627C4F,5.97,37.42,5.97; 17.00; 37.43,-,-,12,45,-0.37; 3.11; -2.77; 0.49; -0.29,52.21; -120.74; 11.89; 0.48; -1.67,5.69; -1.45; -10.36; 1.02; -0.65,3,18,1,-,1
18:01:54,0:01:54,1/15/2026,1/16/2026,Nash Crosby  (#16),34542005,R,Southwest Baptist University,WU,CU,73.74,1.27,-0.33,1681,46.54,7:30,5.45,10.75,7.4,-56.44,-8.89,-9.38,22.74,2.22,66.92,-9.53,-2.12,0.5,5.08,-4.01,-0.87,50,5.5,0.58,-73.19,0.81,5.79,22.54,-36.76,A416A8AF-BAC9-4080-84F5-BA96122FA322,2.23,22.71,2.22; 17.00; 22.74,-,-,7,30,-0.90; 0.64; 3.16; -0.53; 0.30,53.08; -108.07; 11.55; 0.49; -1.43,5.45; 2.36; -19.24; 1.71; -0.97,8,19,1,-,1
18:02:22,0:02:22,1/15/2026,1/16/2026,Nash Crosby  (#16),34542005,R,Southwest Baptist University,WU,SL,74.43,0.41,-1.24,1739,46.2,7:30,5.34,17,7.2,-53.84,-6.87,-7.16,14.68,3.61,67.92,-9.81,-2.59,0.5,3.52,-2.59,-1.34,50,5.34,1.72,-73.86,-0.31,4.11,22.07,-35.21,5CA7E8C8-1244-492C-B2D2-8880982CB624,3.61,14.66,3.61; 17.00; 14.68,-,-,7,30,-1.42; 2.36; 2.25; -0.39; 0.23,53.32; -109.11; 11.40; 0.22; -1.19,5.34; 0.74; -18.38; 1.48; -0.78,14,20,1,-,1
18:02:38,0:02:38,1/15/2026,1/16/2026,Nash Crosby  (#16),34542005,R,Southwest Baptist University,WU,SL,70.16,1.75,0.12,1640,16.5,6:30,5.67,8.65,7.4,-63.47,-11.42,-3.38,23.54,-6.55,64.58,-10.32,-0.52,0.53,1.9,-5.5,-0.73,50,5.75,-0.09,-69.68,1.25,1.99,18.35,-37.95,B2C2A09A-788C-4240-A0C2-E3E7C697E7D7,-6.55,23.51,-6.55; 17.00; 23.54,-,-,6,30,-0.72; -0.21; 1.09; -0.18; 0.10,53.05; -102.87; 9.91; -1.13; 0.33,5.67; 3.11; -19.92; 1.87; -1.08,7,21,1,-,1
18:02:58,0:02:58,1/15/2026,1/16/2026,Nash Crosby  (#16),34542005,R,Southwest Baptist University,WU,CH,72.65,-1.1,-1.86,1303,245.22,2:15,5.59,8.99,7.7,-45.53,2.12,4.58,9.62,6.44,67.54,-9.74,-0.99,0.5,-3.05,2.74,-0.66,50,5.52,2.27,-72.22,-2.01,-3.47,17.58,-29.06,0ED73B25-4C83-450B-B7A6-E0BBADDC123A,6.44,9.6,6.44; 17.00; 9.62,-,-,2,15,-0.75; 3.45; -1.88; 0.27; -0.13,52.76; -106.43; 8.83; 0.98; -1.73,5.59; -2.08; -15.22; 1.41; -0.82,14,22,1,-,1
18:03:24,0:03:24,1/15/2026,1/16/2026,Nash Crosby  (#16),34542005,R,Southwest Baptist University,WU,FF,82.16,0.56,-0.55,1881,200.2,12:45,5.64,10.06,7.7,-24.57,12.63,4.65,49.13,-8.79,75.51,-4.15,0.33,0.44,-2.73,7.98,-0.81,50,5.66,0.7,-81.73,0.42,-3.99,22.54,-20.55,D547BA79-5A3D-4F3D-AA43-CD8BDE475F84,-8.79,49.12,-8.79; 17.00; 49.13,-,-,12,45,-0.84; 1.15; -2.17; 0.38; -0.22,52.76; -120.41; 10.91; 2.69; -4.09,5.64; 1.15; -10.75; 1.07; -0.68,11,23,1,-,1
18:03:44,0:03:44,1/15/2026,1/16/2026,Nash Crosby  (#16),34542005,R,Southwest Baptist University,WU,FF,82.14,-1.17,-0.46,1861,200.81,12:45,5.56,10.82,7.8,-22.78,14.33,5.45,31.45,-11.34,75.76,-5.52,0.57,0.44,-3.16,9.4,-0.88,50,5.5,0.56,-81.71,-2,-4.61,22.17,-18.45,A6AFBAEF-D90A-4241-92EE-65CF8AF29F2D,-11.34,31.44,-11.34; 17.00; 31.45,-,-,12,45,-0.90; 0.96; -2.55; 0.60; -0.44,52.71; -120.57; 13.16; -6.11; 5.68,5.56; -2.48; -9.54; 0.57; -0.18,11,24,1,-,1
18:16:25,0:16:25,1/15/2026,1/16/2026,Caden Norman  (#44),34542024,R,Southwest Baptist University,WU,SL,78.43,-1.7,0.24,2121,105.25,9:30,5.73,18.97,7.7,-38.9,2.19,-8.02,11.63,-13.57,72.36,-9.1,-1.28,0.47,4.54,2.85,-1.59,50,5.64,-0.2,-77.95,-2.88,5.98,21.8,-28.43,8EF8B13E-43DE-426B-9EFB-3184F09EA1EF,-13.56,11.61,-13.57; 17.00; 11.63,-,-,9,30,-1.58; -0.48; 3.28; -0.63; 0.39,52.80; -114.94; 11.19; 0.33; -1.34,5.73; -3.44; -14.85; 1.34; -0.78,13,1,1,-,1
18:16:44,0:16:44,1/15/2026,1/16/2026,Caden Norman  (#44),34542024,R,Southwest Baptist University,WU,FF,83.98,-1.35,-1.83,2021,198.38,12:30,6.3,11.8,7.8,-17.67,18.14,6.03,43.45,1.87,76.49,-4.75,-0.69,0.44,-3.91,11.72,-0.9,50,6.23,2.56,-83.44,-2.23,-5.89,25.77,-14.54,EB20A9A6-DC90-4D3D-97C6-DC50BAB66259,1.86,43.44,1.87; 17.00; 43.45,-,-,12,30,-0.98; 3.92; -3.20; 0.58; -0.36,52.71; -122.98; 12.56; 2.72; -4.31,6.30; -2.90; -7.73; 1.25; -1.03,12,2,1,-,1
18:17:14,0:17:14,1/15/2026,1/16/2026,Caden Norman  (#44),34542024,R,Southwest Baptist University,WU,FF,84.72,0.22,-0.8,1984,199.67,12:45,6.31,12.62,8.2,-17.49,16.99,6.07,60.57,-10.17,77.51,-3.17,0.36,0.43,-3.66,10.67,-1.02,50,6.32,1.08,-84.32,0.08,-5.66,25.03,-15.69,61DDE704-8E5D-4DF2-A007-4F59E895541C,-10.17,60.56,-10.17; 17.00; 60.57,-,-,12,45,-1.05; 1.72; -3.11; 0.68; -0.48,52.33; -124.29; 13.80; -3.27; 2.52,6.31; 0.45; -8.14; 0.59; -0.26,11,3,1,-,1
18:17:33,0:17:33,1/15/2026,1/16/2026,Caden Norman  (#44),34542024,R,Southwest Baptist University,WU,FF,84.63,-2.06,-2.66,2013,195.95,12:30,6.24,11.81,7.9,-20.37,14.59,4.17,32.44,12.49,77.76,-5.96,-1.86,0.43,-3.06,9.83,-0.87,50,6.14,3.83,-84.07,-3.32,-4.72,24.44,-17.04,7448FD9F-0CF8-4ABE-96AE-12FE3803D8BC,12.49,32.43,12.49; 17.00; 32.44,-,-,12,30,-0.98; 5.73; -2.53; 0.32; -0.12,52.57; -123.87; 12.36; 1.01; -2.41,6.24; -4.47; -8.93; 0.98; -0.68,12,4,1,-,1
18:17:58,0:17:58,1/15/2026,1/16/2026,Caden Norman  (#44),34542024,R,Southwest Baptist University,WU,SL,79.78,-2.33,-1.55,2230,91.48,9:00,5.82,21.2,7.6,-39.89,0.26,-9.98,4.85,5.51,73.27,-9.89,-3.45,0.46,5.07,2.02,-1.68,50,5.69,2.31,-79.19,-3.83,6.84,24.18,-29.46,2D178C2C-0E71-417B-B740-D5EEB4AE0330,5.52,4.83,5.51; 17.00; 4.85,-,-,9,0,-1.77; 3.18; 3.73; -0.66; 0.39,52.91; -116.89; 12.98; -1.58; 0.55,5.82; -4.79; -15.37; 1.33; -0.75,14,5,1,-,1
18:18:21,0:18:21,1/15/2026,1/16/2026,Caden Norman  (#44),34542024,R,Southwest Baptist University,WU,FF,84.35,-0.02,-0.34,2010,203.36,12:45,6.21,13.39,9.2,-15.81,17.59,7.6,58.44,-17.45,77.23,-3.14,1.14,0.42,-4.57,11.49,-1.11,50,6.21,0.41,-84.09,-0.18,-7.02,25.2,-14.54,5F134D39-9809-4BC1-9177-EEA0FEC030FD,-17.45,58.43,-17.45; 17.00; 58.44,-,-,12,45,-1.12; 0.72; -3.86; 0.87; -0.63,51.32; -123.67; 12.82; 0.70; -2.08,6.21; -0.06; -7.63; 0.90; -0.66,11,6,1,-,1
18:19:04,0:19:04,1/15/2026,1/16/2026,Caden Norman  (#44),34542024,R,Southwest Baptist University,WU,FF,84.76,-1.39,-0.56,2000,206.32,1:00,6.22,16.94,8.1,-15.92,18.68,9.24,43.87,-20.16,77.57,-4.46,1.2,0.43,-5.38,12.08,-1.39,50,6.16,0.68,-84.33,-2.27,-8.3,25.31,-13.53,75BB361B-45A7-40D5-9F6A-D70A0A21A02F,-20.17,43.86,-20.16; 17.00; 43.87,-,-,1,0,-1.41; 1.20; -4.54; 0.93; -0.62,52.41; -124.32; 13.90; -3.11; 2.31,6.22; -3.03; -7.04; 0.57; -0.30,11,7,1,-,1
18:19:18,0:19:18,1/15/2026,1/16/2026,Caden Norman  (#44),34542024,R,Southwest Baptist University,WU,FF,84.7,-2.76,-1.49,1910,208.06,1:00,6.12,15.6,8.2,-20.97,13.53,7.21,22.99,-6.93,78.17,-6.79,-0.11,0.43,-4.47,9.44,-1.24,50,6,2.07,-84.2,-4.35,-6.93,23.8,-17.56,7C7B1130-6CA4-46FE-B245-AC95C9AF7994,-6.93,22.98,-6.93; 17.00; 22.99,-,-,1,0,-1.30; 3.21; -3.77; 0.68; -0.41,52.34; -124.02; 12.33; -0.16; -0.98,6.12; -6.00; -9.22; 1.08; -0.78,7,8,1,-,1
18:19:45,0:19:45,1/15/2026,1/16/2026,Caden Norman  (#44),34542024,R,Southwest Baptist University,WU,FF,84.22,-0.99,-0.24,1946,203.43,12:45,6.32,13.87,8.3,-18.14,16.53,7.17,47.16,-18.44,77.24,-4.51,1.13,0.43,-4.15,10.81,-1.15,50,6.28,0.25,-83.83,-1.69,-6.35,24.61,-15.66,5B926B01-8C23-4487-8C8A-CE6941EB5FB6,-18.44,47.15,-18.44; 17.00; 47.16,-,-,12,45,-1.16; 0.52; -3.50; 0.79; -0.57,52.17; -123.52; 13.20; -1.72; 0.66,6.32; -2.17; -8.05; 0.33; 0.03,11,9,1,-,1
18:20:07,0:20:07,1/15/2026,1/16/2026,Caden Norman  (#44),34542024,R,Southwest Baptist University,WU,FC,80.61,-1.03,-1.25,2048,174.23,11:45,5.81,19.24,8.1,-28.18,9.88,-1,30.47,-4.93,74.39,-6.45,-1.44,0.45,0.23,6.97,-1.55,50,5.76,1.76,-80.21,-1.82,0.33,21.76,-22.4,F8E612CF-A309-4E58-BDEE-D54EEC8DD7EE,-4.93,30.45,-4.93; 17.00; 30.47,-,-,11,45,-1.60; 2.58; 0.16; 0.03; -0.05,52.36; -118.25; 12.36; -3.91; 3.24,5.81; -2.16; -11.62; 0.82; -0.36,4,10,1,-,1
18:20:42,0:20:42,1/15/2026,1/16/2026,Caden Norman  (#44),34542024,R,Southwest Baptist University,WU,CH,79.09,-0.33,-0.69,1609,202.85,12:45,6.01,12.63,8.3,-25.12,14.22,5.99,43.59,-11.29,72.85,-5.18,0.46,0.46,-3.58,9.34,-1.03,50,6,0.86,-78.74,-0.76,-4.85,20.93,-19.54,CB4D2DDA-F2F9-43E9-8785-03D4B11108B8,-11.29,43.58,-11.29; 17.00; 43.59,-,-,12,45,-1.05; 1.38; -2.66; 0.52; -0.33,52.25; -115.99; 11.04; -0.72; -0.22,6.01; -0.68; -10.20; 0.90; -0.52,11,11,1,-,1
18:21:21,0:21:21,1/15/2026,1/16/2026,Caden Norman  (#44),34542024,R,Southwest Baptist University,WU,FF,84.33,-0.93,-0.82,1909,212.17,1:00,6.2,13.29,8.3,-21.29,13.3,8.37,43.29,-12.91,77.73,-5.04,0.78,0.43,-4.96,8.83,-1.08,50,6.16,1.07,-83.95,-1.65,-7.65,23.55,-18.57,B67ED049-0538-4541-B8E0-5310616E2F92,-12.92,43.28,-12.91; 17.00; 43.29,-,-,1,0,-1.11; 1.76; -4.18; 0.85; -0.56,52.25; -123.66; 12.54; -1.39; 0.39,6.20; -2.02; -9.73; 1.07; -0.74,11,12,1,-,1
18:21:42,0:21:42,1/15/2026,1/16/2026,Caden Norman  (#44),34542024,R,Southwest Baptist University,WU,FF,84.02,-1.1,-1.85,1931,205.72,12:45,6.09,13.29,8.4,-21.08,13.6,6.55,40.31,-0.2,77.27,-5.19,-0.59,0.43,-4.24,9.14,-1.04,50,6.05,2.6,-83.62,-1.88,-6.47,23.95,-18.24,DBC66115-1F68-4398-A95D-0DF5F7194B4F,-0.21,40.3,-0.20; 17.00; 40.31,-,-,12,45,-1.11; 3.97; -3.56; 0.79; -0.56,52.08; -123.20; 13.38; -3.79; 3.16,6.09; -2.40; -9.45; 0.63; -0.24,2,13,1,-,1
18:22:11,0:22:11,1/15/2026,1/16/2026,Caden Norman  (#44),34542024,R,Southwest Baptist University,WU,SL,79.15,-2.05,-2.12,2172,106.21,9:30,5.81,17.26,8,-37.6,2.3,-7.92,10.08,13.39,73.3,-9.21,-3.63,0.46,3.86,2.97,-1.34,50,5.71,3.04,-78.65,-3.33,5.2,21.73,-28.19,ECDC4CA0-2CBD-4B95-BF24-292ACFC8A55A,13.4,10.07,13.39; 17.00; 10.08,-,-,9,30,-1.44; 4.31; 2.83; -0.49; 0.28,52.52; -115.93; 11.48; -0.84; -0.10,5.81; -4.19; -14.73; 1.35; -0.79,14,14,1,-,1
18:22:37,0:22:37,1/15/2026,1/16/2026,Caden Norman  (#44),34542024,R,Southwest Baptist University,WU,SL,76.38,-0.58,-0.41,2141,78.74,8:30,5.86,17.77,8.1,-44.55,-2.05,-10.31,19.55,-3.06,70.74,-9.12,-2.38,0.48,5.72,0.13,-1.46,50,5.83,0.7,-76.01,-1.33,7.18,20.3,-32.02,F011443A-AD17-49D4-86AD-3F4090E729C0,-3.05,19.53,-3.06; 17.00; 19.55,-,-,8,30,-1.48; 0.82; 3.92; -0.68; 0.39,52.38; -112.06; 11.26; -2.52; 1.72,5.86; -1.17; -16.74; 1.52; -0.89,8,15,1,-,1
18:23:03,0:23:03,1/15/2026,1/16/2026,Caden Norman  (#44),34542024,R,Southwest Baptist University,WU,CU,74.32,-1.28,-1.94,2071,30.28,7:00,6.01,12.89,8.5,-56.26,-11.89,-6.94,2.38,14.67,69.42,-12.05,-3.28,0.49,3.43,-5.34,-1,50,5.96,2.6,-73.94,-2.26,4.07,19.52,-38.53,2E36F06F-9431-47C3-A5DC-B9F8B9535A2B,14.68,2.36,14.67; 17.00; 2.38,-,-,7,0,-1.07; 3.71; 2.23; -0.42; 0.26,52.03; -108.93; 10.57; -1.44; 0.58,6.01; -2.47; -20.13; 1.76; -1.00,14,16,1,-,1
18:23:37,0:23:37,1/15/2026,1/16/2026,Caden Norman  (#44),34542024,R,Southwest Baptist University,WU,FF,83.26,-1.41,-1.6,1943,212.59,1:00,6.16,14.13,8.4,-23.74,11.56,7.39,35.17,-4.52,77.04,-5.99,-0.19,0.43,-4.61,7.97,-1.12,50,6.1,2.2,-82.87,-2.34,-6.95,22.27,-20.18,5E56078A-EF49-422F-BF1F-C4EDE4E77FFC,-4.52,35.16,-4.52; 17.00; 35.17,-,-,1,0,-1.18; 3.39; -3.77; 0.65; -0.38,52.14; -121.92; 10.44; 3.91; -5.55,6.16; -3.01; -10.65; 1.41; -1.08,1,17,1,-,1
18:24:27,0:24:27,1/15/2026,1/16/2026,Caden Norman  (#44),34542024,R,Southwest Baptist University,WU,FF,83.88,-0.45,0.41,1947,204.46,12:45,6.23,14.33,8.7,-19.05,15.29,6.95,51.04,-25.62,77.3,-4.16,1.75,0.43,-3.9,10,-1.21,50,6.22,-0.69,-83.58,-0.87,-5.96,23.38,-16.91,445994D7-7A1A-4907-9BBA-6D4CA18E4AB7,-25.63,51.03,-25.62; 17.00; 51.04,-,-,12,45,-1.19; -0.89; -3.29; 0.76; -0.56,51.82; -123.04; 12.55; -1.76; 0.83,6.23; -0.98; -8.73; 0.49; -0.12,11,18,1,-,1
18:24:46,0:24:46,1/15/2026,1/16/2026,Caden Norman  (#44),34542024,R,Southwest Baptist University,WU,FF,83.89,-2.97,-1.72,1928,204.36,12:45,6.13,12.48,8.5,-19.54,15.33,6.94,22.56,-1.14,76.98,-6.75,-0.39,0.43,-4.47,10.76,-0.98,50,6.02,2.41,-83.39,-4.56,-6.74,24.83,-15.94,1DA7140D-E924-40E0-A0A5-554C8BDE820E,-1.15,22.55,-1.14; 17.00; 22.56,-,-,12,45,-1.04; 3.68; -3.70; 0.80; -0.56,52.01; -122.89; 13.85; -3.82; 3.12,6.13; -6.40; -8.17; 0.23; 0.15,8,19,1,-,1
18:25:41,0:25:41,1/15/2026,1/16/2026,Caden Norman  (#44),34542024,R,Southwest Baptist University,WU,SL,76.46,-1.28,-2.1,1981,75.69,8:30,5.98,16.95,7.9,-45.11,-2.06,-8.07,12.84,13.69,70.71,-9.87,-3.64,0.48,3.91,0.39,-1.31,50,5.91,2.91,-75.97,-2.32,4.89,20.99,-31.7,5471F157-A213-4931-945C-EDC356D11D56,13.69,12.82,13.69; 17.00; 12.84,-,-,8,30,-1.41; 4.12; 2.69; -0.52; 0.32,52.65; -111.98; 10.54; 1.11; -2.07,5.98; -2.55; -16.59; 1.57; -0.95,14,20,1,-,1
18:26:03,0:26:03,1/15/2026,1/16/2026,Caden Norman  (#44),34542024,R,Southwest Baptist University,WU,FC,81.76,-2.89,-0.96,2162,168.17,11:30,5.96,17.24,8,-29.77,7.36,-1.54,10.79,-5.48,76.1,-8.55,-1.25,0.44,0.63,5.88,-1.4,50,5.83,1.38,-81.28,-4.52,0.91,21.13,-23.65,50259537-EE6B-4883-B5DB-1C5E2593319C,-5.48,10.77,-5.48; 17.00; 10.79,-,-,11,30,-1.44; 2.00; 0.50; -0.12; 0.09,52.47; -119.66; 10.21; 2.55; -3.82,5.96; -6.06; -12.42; 1.41; -0.97,13,21,1,-,1
18:26:24,0:26:24,1/15/2026,1/16/2026,Caden Norman  (#44),34542024,R,Southwest Baptist University,WU,FF,84.14,-1.97,-1.62,2019,194.58,12:30,6.16,15.26,8.1,-21.04,14.1,3.67,31.89,-1.63,77.26,-6.02,-0.92,0.43,-2.52,9.6,-1.2,50,6.08,2.3,-83.66,-3.17,-3.83,24.51,-17.57,92835896-CDA0-4B8A-B50B-8A4846020DD0,-1.63,31.88,-1.63; 17.00; 31.89,-,-,12,30,-1.27; 3.48; -2.08; 0.37; -0.23,52.42; -123.22; 12.07; 2.20; -3.73,6.16; -4.26; -9.17; 0.88; -0.54,5,22,1,-,1
18:26:44,0:26:44,1/15/2026,1/16/2026,Caden Norman  (#44),34542024,R,Southwest Baptist University,WU,FF,83.53,-2.56,-0.69,1932,196.71,12:30,6.1,15.71,8,-20.34,15.27,4.58,25.48,-12.89,77.14,-6.45,0.18,0.44,-2.76,10.35,-1.28,50,5.99,0.93,-83.06,-4.01,-4.17,22.88,-16.57,21B08190-2ECE-40A3-92F5-DA696CA171A9,-12.89,25.47,-12.89; 17.00; 25.48,-,-,12,30,-1.31; 1.47; -2.26; 0.38; -0.21,52.47; -122.36; 11.81; 0.03; -1.15,6.10; -5.49; -8.67; 0.89; -0.58,13,23,1,-,1
18:27:14,0:27:14,1/15/2026,1/16/2026,Caden Norman  (#44),34542024,R,Southwest Baptist University,WU,FC,80.82,-1.27,-1.91,2055,170.17,11:45,5.93,16.1,7.7,-30.39,8.06,-1.4,27.14,5.87,74.94,-7.05,-2.18,0.45,0.29,5.86,-1.25,50,5.86,2.7,-80.35,-2.24,0.41,20.85,-23.89,863B1719-B94A-4C27-A904-007D322AF43F,5.87,27.13,5.87; 17.00; 27.14,-,-,11,45,-1.34; 3.96; 0.19; 0.08; -0.11,52.79; -118.54; 12.29; -5.32; 4.82,5.93; -2.67; -12.35; 0.71; -0.20,6,24,1,-,1
18:27:37,0:27:37,1/15/2026,1/16/2026,Caden Norman  (#44),34542024,R,Southwest Baptist University,WU,FC,78.63,-1.37,-2.34,2156,118.31,10:00,5.82,18.6,7.8,-38.03,2.93,-5.44,17.1,11.98,71.95,-8.64,-3.38,0.47,2.32,3.28,-1.44,50,5.75,3.28,-78.08,-2.4,3.05,23.59,-27.89,A5287289-78F2-41E4-AC72-88922F4F0703,11.98,17.09,11.98; 17.00; 17.10,-,-,10,0,-1.55; 4.71; 1.70; -0.41; 0.29,52.68; -115.12; 11.78; 1.49; -2.64,5.82; -2.78; -14.58; 1.35; -0.81,14,25,1,-,1
18:28:03,0:28:03,1/15/2026,1/16/2026,Caden Norman  (#44),34542024,R,Southwest Baptist University,WU,FF,81.13,-2.27,-2.36,2033,203.27,12:45,6.04,15.29,8,-30.3,7.41,3.19,17.83,6.82,75.35,-8.05,-1.76,0.45,-2.39,5.79,-1.17,50,5.93,3.28,-80.63,-3.62,-3.41,21.05,-23.92,FF861BBC-E3EB-49AF-B0A1-73F0E45639A6,6.82,17.82,6.82; 17.00; 17.83,-,-,12,45,-1.27; 4.90; -1.87; 0.37; -0.25,52.46; -118.78; 10.98; -0.36; -0.60,6.04; -4.74; -12.55; 1.36; -0.92,14,26,1,-,1
18:28:26,0:28:26,1/15/2026,1/16/2026,Caden Norman  (#44),34542024,R,Southwest Baptist University,WU,FF,84.89,-2.27,-2.99,1999,205.23,12:45,6.16,11.09,8.1,-22.16,12.42,5.85,27.48,15.04,78.09,-6.52,-1.88,0.43,-4.11,8.68,-0.8,50,6.06,4.31,-84.31,-3.67,-6.37,24.47,-18.74,3E768F82-327D-4345-B926-C2A2D8125BFF,15.04,27.47,15.04; 17.00; 27.48,-,-,12,45,-0.92; 6.48; -3.46; 0.60; -0.34,52.43; -124.21; 12.54; 0.44; -1.79,6.16; -4.96; -9.70; 0.63; -0.23,14,27,1,-,1
18:28:54,0:28:54,1/15/2026,1/16/2026,Caden Norman  (#44),34542024,R,Southwest Baptist University,WU,FC,79.49,0.39,-1.6,2243,82.79,8:45,5.86,16.96,7.9,-40.91,-1.23,-9.7,33.66,9.95,73.32,-7.43,-3.45,0.46,4.98,0.25,-1.34,50,5.87,2.37,-79.04,-0.04,6.77,21.93,-31.84,9C8F7F81-85D3-451C-A3F3-3A6D9F34EEFF,9.96,33.65,9.95; 17.00; 33.66,-,-,8,45,-1.41; 3.28; 3.71; -0.71; 0.45,52.64; -116.50; 11.31; 0.11; -1.12,5.86; 0.77; -16.73; 1.86; -1.26,6,28,1,-,1
18:34:12,0:34:12,1/15/2026,1/16/2026,Eli Stewart  (#15),34542004,R,Southwest Baptist University,WU,FF,89.94,-0.84,-3.4,2515,221.1,1:15,5.7,19.97,7.2,-12.24,19.85,17.32,47.02,-0.34,81.16,-3.19,-0.13,0.41,-10.56,12.26,-1.48,50,5.65,4.93,-89.16,-1.54,-18.04,30.93,-11.23,DA01DB01-F895-4FC1-A239-53FB71A91EBE,-0.36,47.01,-0.34; 17.00; 47.02,-,-,1,15,-1.66; 7.78; -9.86; 2.05; -1.41,53.26; -131.65; 16.17; -0.89; -0.50,5.70; -1.96; -5.86; 0.58; -0.37,11,1,1,-,1
18:34:31,0:34:31,1/15/2026,1/16/2026,Eli Stewart  (#15),34542004,R,Southwest Baptist University,WU,FF,88.26,0.94,-1.99,2439,234.25,1:45,5.71,20.93,7.3,-18.84,14.32,19.89,59.94,-19.25,79.84,-2.67,1.77,0.42,-11.53,8.64,-1.64,50,5.76,2.64,-87.61,1.1,-19.06,29.52,-17.9,074E27A4-89BD-41F4-BF3D-753A0A586F89,-19.26,59.93,-19.25; 17.00; 59.94,-,-,1,45,-1.74; 4.45; -10.43; 2.15; -1.46,53.21; -129.39; 16.10; -3.33; 2.41,5.71; 2.11; -9.34; 0.90; -0.56,11,2,1,-,1
18:34:53,0:34:53,1/15/2026,1/16/2026,Eli Stewart  (#15),34542004,R,Southwest Baptist University,WU,SL,82.65,-0.25,-2.1,2229,39.88,7:15,5.56,22.07,7.2,-43.09,-5.38,-4.49,21.01,5.27,76.11,-8.39,-2.95,0.45,1.86,-1.92,-1.72,50,5.53,3.1,-82.07,-1.1,2.72,24.17,-34.99,86925894-1B1F-46B0-92F4-AD15EA9A78A6,5.27,20.99,5.27; 17.00; 21.01,-,-,7,15,-1.84; 4.45; 1.48; -0.27; 0.16,53.27; -121.12; 12.60; -0.37; -0.74,5.56; -0.56; -18.25; 1.64; -0.95,9,3,1,-,1
18:35:29,0:35:29,1/15/2026,1/16/2026,Eli Stewart  (#15),34542004,R,Southwest Baptist University,WU,FF,89.54,-1.71,-3.34,2456,235.28,1:45,5.62,20.09,7.3,-18.65,13.62,19.66,30.27,-3.45,81.1,-5.27,0.37,0.42,-11.84,9.07,-1.5,50,5.52,4.78,-88.76,-2.99,-20.08,30.34,-16.81,79448EE2-EB7C-4739-958A-A5ACAA4FFB12,-3.46,30.26,-3.45; 17.00; 30.27,-,-,1,45,-1.67; 7.62; -11.02; 2.45; -1.76,53.18; -131.10; 16.74; -4.21; 3.43,5.62; -3.94; -8.71; 0.61; -0.26,4,4,1,-,1
18:36:07,0:36:07,1/15/2026,1/16/2026,Eli Stewart  (#15),34542004,R,Southwest Baptist University,WU,FF,89.55,-1.41,-3.89,2467,236.16,1:45,5.66,20.13,7.2,-18.83,13.62,20.31,33.72,1.92,81.01,-5,-0.06,0.42,-12.33,8.95,-1.46,50,5.57,5.61,-88.71,-2.54,-20.87,30.34,-17.04,84D4216B-35FD-4CB9-B28A-3E3B107E70B1,1.9,33.72,1.92; 17.00; 33.72,-,-,1,45,-1.68; 8.87; -11.42; 2.38; -1.64,53.29; -130.99; 15.95; -1.23; -0.02,5.66; -3.24; -8.96; 1.12; -0.84,5,5,1,-,1
18:36:38,0:36:38,1/15/2026,1/16/2026,Eli Stewart  (#15),34542004,R,Southwest Baptist University,WU,FF,89.16,-1.02,-2.8,2440,235.08,1:45,5.61,20.65,7.5,-18.54,13.78,19.74,37.78,-10.05,80.76,-4.57,0.94,0.42,-11.78,8.99,-1.58,50,5.55,3.94,-88.48,-1.9,-19.84,30.17,-17.04,BD01CAE9-5E4F-4DA3-A6E1-E928305AE018,-10.06,37.77,-10.05; 17.00; 37.78,-,-,1,45,-1.72; 6.35; -10.80; 2.08; -1.34,53.04; -130.59; 15.89; -1.28; -0.01,5.61; -2.34; -8.88; 0.82; -0.48,11,6,1,-,1
18:36:57,0:36:57,1/15/2026,1/16/2026,Eli Stewart  (#15),34542004,R,Southwest Baptist University,WU,SL,82.39,1.65,-0.25,2158,60.3,8:00,5.5,22.15,7.8,-38.36,-1.55,-2.72,45.3,-16.75,76.35,-5.68,-0.76,0.44,1.46,-0.38,-1.83,50,5.57,0.4,-81.96,1.77,2.15,21.19,-32.75,CE01FFFD-4FD8-403A-BB3D-E6FF8BE6D548,-16.75,45.28,-16.75; 17.00; 45.30,-,-,8,0,-1.85; 0.53; 1.16; -0.16; 0.07,52.72; -120.83; 11.75; -2.91; 2.24,5.50; 3.44; -17.11; 1.64; -1.01,11,7,1,-,1
18:37:22,0:37:22,1/15/2026,1/16/2026,Eli Stewart  (#15),34542004,R,Southwest Baptist University,WU,SL,83.19,1.29,-1.46,1168,41.55,7:30,5.52,21.39,7.5,-41.79,-5.09,-4.51,38.47,-1.09,76.82,-6.65,-2.31,0.44,2.1,-2.26,-1.7,50,5.58,2.19,-82.68,1.17,3.14,22.91,-35.56,3EA95E0F-29C0-410F-B4C0-261F898BCAD9,-1.08,38.46,-1.09; 17.00; 38.47,-,-,7,30,-1.78; 3.12; 1.69; -0.25; 0.12,53.03; -122.03; 13.18; -4.85; 4.30,5.52; 2.71; -18.54; 1.65; -0.95,2,8,1,-,1
18:37:41,0:37:41,1/15/2026,1/16/2026,Eli Stewart  (#15),34542004,R,Southwest Baptist University,WU,FF,88.95,0.19,-2.23,2493,231.76,1:45,5.67,19.61,7.7,-16.63,15.48,19.64,53.43,-15.29,80.62,-3.01,1.51,0.41,-11.63,9.63,-1.53,50,5.67,3.06,-88.37,0.02,-19.57,29.75,-15.98,1FA00F3D-F445-4A0F-B06E-F94B2A01E19D,-15.3,53.42,-15.29; 17.00; 53.43,-,-,1,45,-1.63; 5.03; -10.68; 2.16; -1.46,52.80; -130.30; 14.90; 1.72; -3.59,5.67; 0.43; -8.47; 1.33; -1.13,11,9,1,-,1
18:38:02,0:38:02,1/15/2026,1/16/2026,Eli Stewart  (#15),34542004,R,Southwest Baptist University,WU,FF,89.53,-1.64,-4.31,2494,227.1,1:30,5.59,19.45,7.7,-15.25,16.66,17.93,34.17,9.09,80.79,-4.58,-0.9,0.41,-11.36,10.91,-1.42,50,5.51,6.34,-88.7,-2.79,-19.2,30.92,-13.75,60C084B9-54B1-499A-888C-365403C30A37,9.08,34.17,9.09; 17.00; 34.17,-,-,1,30,-1.62; 9.83; -10.48; 2.12; -1.43,52.79; -130.82; 15.54; 1.55; -3.44,5.59; -3.76; -7.24; 0.93; -0.72,3,10,1,-,1
18:38:42,0:38:42,1/15/2026,1/16/2026,Eli Stewart  (#15),34542004,R,Southwest Baptist University,WU,SL,81.99,0.79,-0.58,2081,25.92,6:45,5.52,20.38,7.7,-41.95,-4.57,-2.22,32.75,-11.9,75.8,-7.21,-1,0.45,1.08,-1.84,-1.67,50,5.54,0.87,-81.56,0.48,1.57,22.32,-34.86,8D835096-6AB8-4DAA-823F-5AC6B8E5E6EF,-11.9,32.74,-11.90; 17.00; 32.75,-,-,6,45,-1.70; 1.22; 0.87; -0.22; 0.16,52.78; -120.21; 11.48; 0.22; -1.31,5.52; 1.63; -18.27; 1.93; -1.28,11,11,1,-,1
18:39:04,0:39:04,1/15/2026,1/16/2026,Eli Stewart  (#15),34542004,R,Southwest Baptist University,WU,SL,82.42,0.83,-1.5,2082,48.93,7:45,5.54,23.16,8.2,-39.21,-2.88,-3.3,36.07,-3.91,76.11,-6.73,-2.13,0.44,1.47,-0.92,-1.87,50,5.57,2.19,-82.02,0.66,2.16,22.85,-33.54,A92C2409-2C94-41F8-9892-8E38A7819512,-3.91,36.06,-3.91; 17.00; 36.07,-,-,7,45,-1.93; 3.16; 1.19; -0.28; 0.21,52.31; -120.83; 12.00; -0.73; -0.29,5.54; 1.71; -17.59; 1.92; -1.31,1,13,1,-,1
18:39:25,0:39:25,1/15/2026,1/16/2026,Eli Stewart  (#15),34542004,R,Southwest Baptist University,WU,SL,82.35,-0.49,-2.91,2381,44.16,7:30,5.5,20.31,8.3,-39.93,-3.69,-3.58,20.88,14.23,76.65,-8.14,-3.59,0.44,1.3,-1.08,-1.58,50,5.47,4.21,-81.9,-1.22,1.91,21.76,-33.77,4530AA4A-5545-4CD8-B626-AE83DDA12EC3,14.23,20.86,14.23; 17.00; 20.88,-,-,7,30,-1.69; 6.13; 1.07; -0.31; 0.25,52.22; -120.57; 10.80; 1.66; -2.96,5.50; -1.07; -17.56; 1.40; -0.71,14,14,1,-,1
18:39:48,0:39:48,1/15/2026,1/16/2026,Eli Stewart  (#15),34542004,R,Southwest Baptist University,WU,CH,82.66,-1.81,-3.7,2135,244.05,2:15,5.51,18.95,8.1,-30.96,5.57,11.44,15.79,9.16,76.15,-7.74,-1.52,0.44,-7.46,4.67,-1.42,50,5.42,5.11,-82.05,-3.02,-10.94,23.33,-25.33,A8658626-89E4-4194-B4ED-DA901F8BACDC,9.16,15.78,9.16; 17.00; 15.79,-,-,2,15,-1.58; 7.79; -5.99; 1.19; -0.78,52.44; -120.89; 12.00; 0.17; -1.30,5.51; -3.84; -13.27; 1.42; -0.95,14,15,1,-,1
18:40:11,0:40:11,1/15/2026,1/16/2026,Eli Stewart  (#15),34542004,R,Southwest Baptist University,WU,SL,82.86,-1.27,-3.36,2363,42,7:30,5.46,21.34,8.1,-40.52,-4.3,-3.87,11.44,18.46,77.13,-8.98,-4.09,0.44,1.31,-1.2,-1.63,50,5.4,4.89,-82.32,-2.39,1.94,22.44,-33.96,E105AE65-DD50-4942-86CC-2E34C7FDDF0E,18.46,11.42,18.46; 17.00; 11.44,-,-,7,30,-1.78; 7.12; 1.02; -0.04; -0.05,52.45; -121.40; 13.11; -5.58; 5.20,5.46; -2.73; -17.69; 1.50; -0.82,14,16,1,-,1
18:40:49,0:40:49,1/15/2026,1/16/2026,Eli Stewart  (#15),34542004,R,Southwest Baptist University,WU,SL,82.91,0.97,-2.23,2186,27,7:00,5.52,22.52,8.1,-39.01,-2.8,-1.43,37.54,2.73,76.26,-6.54,-2.5,0.44,0.19,-0.91,-1.78,50,5.55,3.23,-82.44,0.85,0.28,23.87,-33.53,D8C8C408-AE0E-4CC0-9E82-FA3E233977E8,2.74,37.52,2.73; 17.00; 37.54,-,-,7,0,-1.88; 4.73; 0.10; 0.15; -0.18,52.44; -121.60; 13.92; -5.83; 5.40,5.52; 2.02; -17.53; 1.73; -1.09,2,17,1,-,1
18:41:07,0:41:07,1/15/2026,1/16/2026,Eli Stewart  (#15),34542004,R,Southwest Baptist University,WU,CH,81.79,-2.1,-2.29,2134,232.79,1:45,5.52,20.06,8.3,-26.66,10.22,13.46,17.18,-9.13,75.32,-7.24,0.29,0.44,-8.29,7.5,-1.59,50,5.43,3.05,-81.31,-3.33,-11.93,23.01,-21.39,7BCF5C8D-B545-41E2-BBD0-DCF5C903C62D,-9.14,17.17,-9.13; 17.00; 17.18,-,-,1,45,-1.67; 4.77; -6.50; 1.18; -0.72,52.20; -119.78; 12.13; -0.90; -0.09,5.52; -4.42; -11.25; 1.34; -0.96,13,18,1,-,1
18:41:39,0:41:39,1/15/2026,1/16/2026,Eli Stewart  (#15),34542004,R,Southwest Baptist University,WU,FF,89.49,-2.45,-3.99,2536,233.27,1:45,5.62,18.16,8.2,-17.03,14.22,19.05,24.21,5.38,81.24,-5.76,-0.34,0.41,-12.03,9.87,-1.36,50,5.52,5.87,-88.75,-4.06,-20.43,30.02,-15.43,3D73967F-6D3B-4D59-B192-8A32CA5747B2,5.37,24.2,5.38; 17.00; 24.21,-,-,1,45,-1.51; 9.08; -11.11; 2.13; -1.37,52.31; -130.76; 15.00; 1.90; -3.87,5.62; -5.62; -8.24; 1.55; -1.42,9,19,1,-,1
18:42:12,0:42:12,1/15/2026,1/16/2026,Eli Stewart  (#15),34542004,R,Southwest Baptist University,WU,FF,89.3,-3.02,-4.85,2518,232.83,1:45,5.6,17.73,8.3,-18.64,12.69,16.74,16.18,17.24,81.36,-6.63,-1.64,0.41,-10.95,9.14,-1.29,50,5.47,7.22,-88.44,-4.95,-18.52,28.95,-16.73,748FDC1B-952D-4930-B75B-E29328ADB6A5,17.23,16.17,17.24; 17.00; 16.18,-,-,1,45,-1.48; 11.01; -10.06; 1.86; -1.16,52.24; -130.27; 14.63; 1.16; -2.93,5.60; -6.92; -8.76; 0.98; -0.69,14,20,1,-,1
18:42:29,0:42:29,1/15/2026,1/16/2026,Eli Stewart  (#15),34542004,R,Southwest Baptist University,WU,FF,89.25,-0.26,-4.49,2495,228.67,1:30,5.62,18.36,8,-17.5,14.06,15.99,47.12,13.74,80.88,-3.66,-1.44,0.41,-10.38,9.05,-1.34,50,5.61,6.67,-88.52,-0.67,-17.55,29.6,-16.88,250FD360-A657-4E13-9915-B397B2EBFA6C,13.73,47.11,13.74; 17.00; 47.12,-,-,1,30,-1.53; 10.21; -9.59; 2.00; -1.38,52.45; -130.54; 16.09; -3.18; 2.23,5.62; -0.62; -8.79; 0.79; -0.46,12,21,1,-,1
18:42:55,0:42:55,1/15/2026,1/16/2026,Eli Stewart  (#15),34542004,R,Southwest Baptist University,WU,FF,88.52,-3.15,-4.99,2518,226.25,1:30,5.61,19.39,8.6,-14.8,16.71,17.46,19,16.01,80.47,-6.04,-1.62,0.41,-11.55,11.66,-1.45,50,5.5,7.39,-87.68,-5.03,-19.17,28.79,-12.82,E5071F11-7494-470E-AA79-605A1E5F5725,16,18.99,16.01; 17.00; 19.00,-,-,1,30,-1.62; 11.23; -10.52; 2.35; -1.71,51.91; -129.12; 14.94; -0.35; -1.08,5.61; -7.15; -6.68; 0.63; -0.38,14,22,1,-,1
18:43:20,0:43:20,1/15/2026,1/16/2026,Eli Stewart  (#15),34542004,R,Southwest Baptist University,WU,FF,88.15,-1.74,-3.63,2508,231.78,1:45,5.56,19.66,8.3,-16.93,15.07,19.13,31.24,-0.16,79.98,-5.03,0.05,0.41,-12.02,10.21,-1.5,50,5.49,5.24,-87.52,-2.89,-19.84,29.32,-15.34,516225DA-798B-422A-AF9B-DD6E26FFA74F,-0.18,31.23,-0.16; 17.00; 31.24,-,-,1,45,-1.64; 8.14; -10.81; 2.10; -1.37,52.18; -128.97; 15.35; -0.86; -0.51,5.56; -3.93; -8.02; 0.83; -0.56,5,23,1,-,1
18:43:47,0:43:47,1/15/2026,1/16/2026,Eli Stewart  (#15),34542004,R,Southwest Baptist University,WU,SL,82.2,-1.08,-3.17,2239,65.55,8:15,5.49,20.92,8.5,-36.86,-0.78,-1.72,17.59,14.39,76.3,-8.19,-3.5,0.44,0.16,0.78,-1.64,50,5.45,4.55,-81.74,-1.98,0.23,22.34,-31.04,03D4064B-46BD-4851-B235-D1FC78AF3933,14.39,17.57,14.39; 17.00; 17.59,-,-,8,15,-1.74; 6.67; 0.04; 0.27; -0.31,51.95; -120.46; 13.16; -5.93; 5.59,5.49; -2.32; -16.11; 1.16; -0.52,14,24,1,-,1
18:44:21,0:44:21,1/15/2026,1/16/2026,Eli Stewart  (#15),34542004,R,Southwest Baptist University,WU,FF,88.84,-3.05,-4.56,2539,232.97,1:45,5.52,18.18,8.6,-18.12,13.15,17.44,15.79,12.72,80.75,-6.58,-1.2,0.41,-11.44,9.57,-1.37,50,5.42,6.76,-88.05,-4.93,-19.12,29.52,-16.2,CE1ADE00-FDF6-446A-8362-7B5B8D15E7CB,12.7,15.79,12.72; 17.00; 15.79,-,-,1,45,-1.51; 10.31; -10.45; 2.18; -1.51,51.90; -129.69; 15.51; -1.12; -0.21,5.52; -6.94; -8.46; 0.89; -0.61,14,25,1,-,1
18:44:40,0:44:40,1/15/2026,1/16/2026,Eli Stewart  (#15),34542004,R,Southwest Baptist University,WU,SL,82,-0.93,-3.31,2258,17.44,6:30,5.34,22.31,8.7,-42.14,-6.09,-1.91,12.05,14.52,76.28,-9.07,-3.67,0.44,0.23,-2.37,-1.75,50,5.31,4.73,-81.55,-1.8,0.33,22.36,-35.63,0DF3ACEC-03DE-4B5B-B107-26CF7B5E6079,14.53,12.04,14.52; 17.00; 12.05,-,-,6,30,-1.86; 6.93; 0.16; 0.03; -0.05,51.81; -120.12; 12.76; -4.40; 3.84,5.34; -2.00; -18.59; 1.72; -1.03,14,26,1,-,1
18:45:02,0:45:02,1/15/2026,1/16/2026,Eli Stewart  (#15),34542004,R,Southwest Baptist University,WU,FF,89.44,-,-,1254,-,-,-,-,8.6,-,-,-,-,-,-,-,-,0.41,-,-,-,-,-,-,-,-,-,-,-,75F89EE5-741A-4E83-98E4-42284A97E09A,-,-,-; -; -,-,-,-,-,-2.15; 15.50; -22.14; 0.00; 0.00,51.86; -129.04; 14.07; 0.00; 0.00,4.19; 4.64; -26.18; 0.00; 0.00,-,27,1,-,1
18:45:28,0:45:28,1/15/2026,1/16/2026,Eli Stewart  (#15),34542004,R,Southwest Baptist University,WU,FF,88.33,-,-,2470,-,-,-,-,9,-,-,-,-,-,-,-,-,0.41,-,-,-,-,-,-,-,-,-,-,-,6747A11E-E391-4706-89FF-E8F6AE9699FB,-,-,-; -; -,-,-,-,-,-2.50; 18.00; -26.97; 0.00; 0.00,51.52; -126.65; 12.81; 0.00; 0.00,4.31; 4.32; -24.54; 0.00; 0.00,-,28,1,-,1
18:50:21,0:50:21,1/15/2026,1/16/2026,Matthew St. Pe  (#2),34541994,R,Southwest Baptist University,WU,SI,87.02,-0.09,-1.59,1931,252.91,2:30,5.66,14.66,7.2,-28.53,5.67,18.45,38.46,-15.87,79.09,-5.52,1.89,0.43,-10.58,4.14,-1.14,50,5.65,2.01,-86.4,-0.65,-17.02,28.49,-25.53,B99E55E6-50CB-441E-9B63-5A031D1B96D0,-15.88,38.45,-15.87; 17.00; 38.46,-,-,2,30,-1.22; 3.50; -9.31; 1.91; -1.30,53.31; -127.61; 15.42; -2.71; 1.75,5.66; -0.21; -13.42; 1.64; -1.22,11,1,1,-,1
18:50:39,0:50:39,1/15/2026,1/16/2026,Matthew St. Pe  (#2),34541994,R,Southwest Baptist University,WU,SI,87.37,-1.15,-3.42,2048,247.02,2:15,5.54,14.32,7.3,-26.47,7.32,17.25,27.53,5.58,79.85,-6.18,-0.18,0.42,-10.43,5.32,-1.01,50,5.47,4.82,-86.65,-2.22,-16.99,26.99,-23.52,99AD7A92-1B8E-4A42-B89E-7AC1F223BBFD,5.57,27.52,5.58; 17.00; 27.53,-,-,2,15,-1.19; 7.61; -9.28; 1.84; -1.21,53.23; -127.86; 13.84; 0.35; -1.79,5.54; -2.59; -12.36; 1.50; -1.11,6,2,1,-,1
18:51:01,0:51:01,1/15/2026,1/16/2026,Matthew St. Pe  (#2),34541994,R,Southwest Baptist University,WU,SL,78.99,0.5,-1.2,2176,129.21,10:15,5.76,12.61,6.6,-39.35,2.8,-3.43,35.31,4.02,72.82,-6.85,-1.84,0.47,1.51,2.45,-0.97,50,5.78,1.71,-78.42,-0.07,2.03,20.78,-28.9,361ADE21-C1EA-4A36-99D0-33F7C2EDD7F0,4.02,35.3,4.02; 17.00; 35.31,-,-,10,15,-1.05; 2.43; 1.11; -0.21; 0.13,53.91; -115.86; 11.41; -2.17; 1.32,5.76; 0.98; -15.19; 1.65; -1.09,3,3,1,-,1
18:51:19,0:51:19,1/15/2026,1/16/2026,Matthew St. Pe  (#2),34541994,R,Southwest Baptist University,WU,SL,80.27,-1.49,-1.15,2186,95.26,9:15,5.74,14.91,7,-39.59,0.62,-6.71,12.97,4.4,74.46,-8.89,-2.41,0.46,3.33,1.76,-1.17,50,5.63,1.74,-79.72,-2.78,4.62,21.32,-29.74,29BD1D8C-84B5-47FB-8EFA-E3DAA5966DB8,4.41,12.95,4.40; 17.00; 12.97,-,-,9,15,-1.24; 2.38; 2.53; -0.49; 0.31,53.53; -117.64; 10.99; 0.12; -1.09,5.74; -3.09; -15.58; 1.57; -0.99,14,4,1,-,1
18:51:40,0:51:40,1/15/2026,1/16/2026,Matthew St. Pe  (#2),34541994,R,Southwest Baptist University,WU,SI,88.33,0.4,-2.62,2126,253.17,2:30,5.59,11.89,7.3,-27.75,5.39,17.81,43.69,-1.28,80.18,-4.9,0.74,0.42,-10.56,3.81,-0.85,50,5.61,3.64,-87.66,0.1,-17.5,29.14,-25.88,8F662AFF-161D-49E6-A908-E0B68F14E841,-1.3,43.68,-1.28; 17.00; 43.69,-,-,2,30,-0.99; 5.87; -9.49; 1.68; -1.00,53.24; -129.31; 14.11; 3.52; -5.58,5.59; 0.87; -13.53; 1.42; -0.95,11,5,1,-,1
18:52:04,0:52:04,1/15/2026,1/16/2026,Matthew St. Pe  (#2),34541994,R,Southwest Baptist University,WU,SI,88.31,-2.86,-3.26,2158,240.49,2:00,5.57,14.04,7.4,-23.67,9.24,16.33,12.15,4.89,80.88,-7.35,-0.18,0.42,-9.92,6.89,-1,50,5.41,4.65,-87.54,-4.79,-16.5,27.46,-20.72,951195D8-7601-4EB6-B4F0-E0E6F81914CA,4.88,12.14,4.89; 17.00; 12.15,-,-,2,0,-1.17; 7.32; -9.05; 1.94; -1.37,53.08; -129.17; 14.68; -2.01; 1.03,5.57; -6.47; -10.83; 1.11; -0.73,14,6,1,-,1
18:52:49,0:52:49,1/15/2026,1/16/2026,Matthew St. Pe  (#2),34541994,R,Southwest Baptist University,WU,SI,90.03,-,-,2200,-,-,-,-,7.4,-,-,-,-,-,-,-,-,0.41,-,-,-,-,-,-,-,-,-,-,-,2888BDBE-EDC5-4034-ACDC-AC8D61AC5A64,-,-,-; -; -,-,-,-,-,-1.30; 15.66; -24.14; 0.00; 0.00,53.05; -130.47; 14.17; 0.00; 0.00,4.55; 3.09; -30.09; 0.00; 0.00,-,7,1,-,1
18:53:10,0:53:10,1/15/2026,1/16/2026,Matthew St. Pe  (#2),34541994,R,Southwest Baptist University,WU,SL,77.92,0.77,0.19,2131,91.35,9:00,5.74,13.86,6.9,-42.47,0.18,-7.55,34.81,-8.36,72.1,-7.21,-1.22,0.48,4.13,0.96,-1.16,50,5.77,-0.11,-77.42,0.29,5.42,19.7,-30.92,8562E3DD-9442-44D9-A998-2C7B3DF2F6E5,-8.35,34.79,-8.36; 17.00; 34.81,-,-,9,0,-1.16; -0.36; 2.97; -0.57; 0.36,53.57; -114.27; 10.52; -1.07; 0.24,5.74; 1.50; -16.19; 1.54; -0.93,1,8,1,-,1
18:54:05,0:54:05,1/15/2026,1/16/2026,Matthew St. Pe  (#2),34541994,R,Southwest Baptist University,WU,SL,78.85,-0.31,0.12,2083,134.37,10:30,5.76,13.79,6.5,-37.37,5.17,-5.28,28.28,-9.86,72.43,-7.29,-0.86,0.48,2.85,3.99,-1.15,50,5.72,-0.06,-78.26,-1.14,3.79,21.6,-26.87,BB85FFC7-4E43-4395-902D-A0509069CE72,-9.85,28.27,-9.86; 17.00; 28.28,-,-,10,30,-1.15; -0.24; 2.07; -0.36; 0.21,54.00; -115.63; 11.26; -0.20; -0.79,5.76; -0.66; -14.00; 1.13; -0.60,4,9,1,-,1
18:54:30,0:54:30,1/15/2026,1/16/2026,Matthew St. Pe  (#2),34541994,R,Southwest Baptist University,WU,SP,78.74,-,-,1412,-,-,-,-,6.8,-,-,-,-,-,-,-,-,0.48,-,-,-,-,-,-,-,-,-,-,-,2F6505BD-2FE9-4093-8EB9-0FCE61E1C280,-,-,-; -; -,-,-,-,-,-1.78; 11.53; -17.13; 0.00; 0.00,53.70; -114.19; 9.76; 0.00; 0.00,4.69; 3.74; -22.80; 0.00; 0.00,-,10,1,-,1
18:55:01,0:55:01,1/15/2026,1/16/2026,Matthew St. Pe  (#2),34541994,R,Southwest Baptist University,WU,SI,88.41,0.25,-1.79,2140,240.74,2:00,5.67,12.19,7,-23.65,9.65,17.22,47.18,-9.88,80.65,-4.23,1.44,0.42,-9.84,6.13,-0.91,50,5.68,2.36,-87.77,-0.08,-16.45,27.72,-21.93,6BE3C66C-FD92-45DD-98D2-1353D6B49E07,-9.9,47.17,-9.88; 17.00; 47.18,-,-,2,0,-1.02; 4.01; -8.98; 1.77; -1.16,53.54; -129.61; 14.63; -1.25; 0.05,5.67; 0.55; -11.41; 0.97; -0.53,11,11,1,-,1
18:55:44,0:55:44,1/15/2026,1/16/2026,Matthew St. Pe  (#2),34541994,R,Southwest Baptist University,WU,SL,77.9,-0.35,-0.45,2065,101.13,9:15,5.71,13.57,6.4,-42.08,1.62,-8.24,22.64,-0.34,72.01,-8.16,-1.97,0.48,4.24,2.07,-1.09,50,5.66,0.79,-77.32,-1.29,5.53,20.22,-29.49,D6C563EF-C169-49CB-B45C-2DC73D88979C,-0.33,22.62,-0.34; 17.00; 22.64,-,-,9,15,-1.13; 0.92; 3.02; -0.51; 0.29,54.14; -114.30; 11.44; -3.19; 2.38,5.71; -0.73; -15.39; 1.30; -0.71,8,12,1,-,1
18:56:31,0:56:31,1/15/2026,1/16/2026,Matthew St. Pe  (#2),34541994,R,Southwest Baptist University,WU,SI,87.97,-1.86,-3.7,2180,245.87,2:15,5.69,12.18,7.1,-26.16,7.44,16.61,21.85,11.51,80.4,-6.81,-0.59,0.42,-10.1,5.56,-0.8,50,5.57,5.28,-87.16,-3.33,-16.65,27.39,-23.02,6E41D9B9-0CA6-4D6C-8F58-CA57D28D072F,11.5,21.84,11.51; 17.00; 21.85,-,-,2,15,-1.02; 8.28; -9.11; 1.87; -1.27,53.40; -128.69; 14.55; -1.64; 0.57,5.69; -4.20; -12.04; 1.24; -0.81,14,13,1,-,1
18:56:52,0:56:52,1/15/2026,1/16/2026,Matthew St. Pe  (#2),34541994,R,Southwest Baptist University,WU,SL,77.45,-0.46,-0.28,2250,113.05,9:45,5.74,11.49,8.8,-37.42,2.96,-6.95,26.62,-1.56,71.25,-7.75,-1.63,0.46,3.95,3.02,-0.95,50,5.72,0.47,-77.14,-1,5.09,21.74,-28.29,448E1A56-77FC-4EB0-8415-10DA15F1884F,-1.55,26.6,-1.56; 17.00; 26.62,-,-,9,45,-0.96; 0.57; 2.77; -0.47; 0.26,51.74; -113.67; 12.50; -4.35; 3.64,5.74; -0.94; -14.81; 1.44; -0.88,5,14,1,-,1
18:57:11,0:57:11,1/15/2026,1/16/2026,Matthew St. Pe  (#2),34541994,R,Southwest Baptist University,WU,SP,78.93,-0.26,-2.71,1741,240.2,2:00,5.83,10.06,7.1,-34.31,7.21,12.6,32.85,6.84,72.3,-6.76,-0.35,0.47,-7.64,5.19,-0.68,50,5.8,3.47,-78.33,-0.93,-10.17,21.95,-25.27,F67831BF-0D5B-4EF8-ADEA-2E4E5AA7A8A8,6.83,32.83,6.84; 17.00; 32.85,-,-,2,0,-0.84; 5.45; -5.59; 1.10; -0.70,53.36; -115.71; 12.44; -3.67; 2.87,5.83; -0.56; -13.15; 1.02; -0.51,6,15,1,-,1
18:57:32,0:57:32,1/15/2026,1/16/2026,Matthew St. Pe  (#2),34541994,R,Southwest Baptist University,WU,SI,88.27,-1.8,-3.82,2210,248.12,2:15,5.64,8.45,7,-26.5,6.93,17.25,21.42,16.09,81.02,-6.79,-0.61,0.42,-10.39,5.18,-0.48,50,5.52,5.47,-87.47,-3.28,-17.32,26.36,-23.54,F07A64F0-1CA8-418B-A736-B1C81146BC46,16.08,21.41,16.09; 17.00; 21.42,-,-,2,15,-0.70; 8.60; -9.45; 1.87; -1.23,53.52; -129.12; 13.92; -1.17; 0.02,5.64; -4.10; -12.30; 1.23; -0.79,14,16,1,-,1
18:57:55,0:57:55,1/15/2026,1/16/2026,Matthew St. Pe  (#2),34541994,R,Southwest Baptist University,WU,SL,78.36,-0.3,-1.5,2174,128.22,10:15,5.85,10.64,6.7,-38.17,4.69,-5.96,28.77,11.73,71.73,-7.47,-2.61,0.48,2.76,3.81,-0.78,50,5.81,2.15,-77.75,-1.1,3.61,22.33,-27.2,A4D15A14-0CBB-4C78-A93F-A71B040BA275,11.73,28.76,11.73; 17.00; 28.77,-,-,10,15,-0.89; 3.01; 1.97; -0.33; 0.19,53.77; -114.88; 11.84; -0.91; -0.05,5.85; -0.63; -14.20; 1.21; -0.66,14,17,1,-,1
18:58:28,0:58:28,1/15/2026,1/16/2026,Matthew St. Pe  (#2),34541994,R,Southwest Baptist University,WU,SI,87.83,-1.95,-4.21,2124,255.38,2:30,5.57,12.15,7.1,-29.5,4.29,16.44,15.98,17.35,80.09,-7.54,-1.13,0.42,-10.23,3.9,-0.77,50,5.44,6.06,-86.95,-3.53,-16.71,28.18,-25.82,574C846E-A8C7-4F32-8BA2-8EF5AE7FA2B3,17.33,15.97,17.35; 17.00; 15.98,-,-,2,30,-1.01; 9.43; -9.19; 2.06; -1.49,53.36; -128.46; 15.73; -4.52; 3.86,5.57; -4.42; -13.53; 1.51; -1.06,14,18,1,-,1
18:58:53,0:58:53,1/15/2026,1/16/2026,Matthew St. Pe  (#2),34541994,R,Southwest Baptist University,WU,SI,87.45,-0.44,-2.4,2160,251.32,2:30,5.58,10.2,7,-29.17,4.77,14.11,33.08,1.83,79.99,-5.96,0.25,0.43,-8.35,3.66,-0.71,50,5.55,3.33,-86.79,-1.22,-13.65,26.92,-26.19,54FC91E1-DA96-4A11-9CD5-4E7B166A1D47,1.82,33.07,1.83; 17.00; 33.08,-,-,2,30,-0.85; 5.33; -7.42; 1.37; -0.84,53.45; -128.08; 13.46; 1.59; -3.17,5.58; -1.01; -13.66; 1.28; -0.77,5,19,1,-,1
18:59:53,0:59:53,1/15/2026,1/16/2026,Matthew St. Pe  (#2),34541994,R,Southwest Baptist University,WU,SI,86.76,-1.56,-2.89,2042,261.59,2:45,5.52,11.25,7.4,-31.36,2.75,18.57,17.92,1.5,79.23,-7.53,0.62,0.43,-11.12,2.96,-0.79,50,5.42,3.99,-86.08,-2.89,-17.79,27.74,-27.45,B8EDB33C-2C5D-4D45-9418-4F71D3382453,1.48,17.91,1.50; 17.00; 17.92,-,-,2,45,-0.94; 6.39; -9.74; 2.01; -1.37,53.05; -127.03; 14.61; -1.14; -0.04,5.52; -3.49; -14.40; 1.62; -1.14,14,20,1,-,1
19:00:16,1:00:16,1/15/2026,1/16/2026,Matthew St. Pe  (#2),34541994,R,Southwest Baptist University,WU,SP,76.96,1.18,0.47,1377,241.33,2:00,5.65,14.03,6.5,-37.97,6.53,11.95,42.75,-31.11,70.82,-5.92,2.68,0.49,-6.24,4.35,-1.21,50,5.71,-0.87,-76.39,0.86,-7.95,19.8,-26.65,B4159D77-2248-4CDF-8BC5-50A86002ED54,-31.12,42.74,-31.11; 17.00; 42.75,-,-,2,0,-1.17; -0.94; -4.36; 0.81; -0.49,53.97; -112.90; 11.17; -2.97; 2.12,5.65; 2.29; -13.93; 1.24; -0.71,11,21,1,-,1
19:00:54,1:00:54,1/15/2026,1/16/2026,Matthew St. Pe  (#2),34541994,R,Southwest Baptist University,WU,SI,87.91,-0.36,-2.23,2099,246.8,2:15,5.55,12.28,7,-25.65,7.98,18.61,37.06,-6.57,80.35,-5.21,1.26,0.42,-10.73,5.4,-0.9,50,5.52,2.99,-87.26,-1.05,-17.74,27.16,-23.26,F12C49AE-0E68-453F-9133-4F55D9404880,-6.59,37.05,-6.57; 17.00; 37.06,-,-,2,15,-1.02; 4.97; -9.65; 1.80; -1.13,53.49; -128.84; 14.41; -1.42; 0.24,5.55; -0.83; -12.19; 1.35; -0.94,1,22,1,-,1
19:01:23,1:01:23,1/15/2026,1/16/2026,Matthew St. Pe  (#2),34541994,R,Southwest Baptist University,WU,SL,79.95,0.77,-0.57,2179,96.58,9:15,5.84,10.33,6.9,-39.83,1,-8.67,38.67,4.6,73.31,-6.74,-2.19,0.47,4.52,1.41,-0.82,50,5.87,0.97,-79.38,0.35,6.18,22.57,-30.26,B0F930D5-2CF0-4CBD-A1C7-59AAF75FEB36,4.61,38.65,4.60; 17.00; 38.67,-,-,9,15,-0.86; 1.18; 3.39; -0.67; 0.43,53.63; -117.17; 11.11; 1.95; -3.09,5.84; 1.55; -15.89; 1.73; -1.15,3,23,1,-,1
19:02:02,1:02:02,1/15/2026,1/16/2026,Matthew St. Pe  (#2),34541994,R,Southwest Baptist University,WU,SL,78.51,0.4,-1.19,2167,164.94,11:30,5.72,13.26,6.3,-37.11,5.95,-1.6,35.98,1.5,72.56,-6.48,-1.48,0.48,0.54,4.14,-1.02,50,5.73,1.65,-77.92,-0.2,0.72,19.66,-26.67,F4ABAE91-ABF0-420C-87F3-3F6765500E66,1.5,35.97,1.50; 17.00; 35.98,-,-,11,30,-1.10; 2.39; 0.41; -0.13; 0.10,54.22; -115.07; 9.93; 0.86; -1.77,5.72; 0.78; -13.95; 1.29; -0.76,2,24,1,-,1
19:02:24,1:02:24,1/15/2026,1/16/2026,Matthew St. Pe  (#2),34541994,R,Southwest Baptist University,WU,SL,73.92,2.17,0.74,2040,98.9,9:15,5.99,11.82,6.4,-47.22,1.49,-9.55,48.59,-10.48,67.62,-6.67,-1.03,0.51,5.28,1.46,-1.03,50,6.12,-0.76,-73.28,1.91,6.15,19.29,-30.48,0A3B723D-EBAA-4BF7-85C6-8D42D017313B,-10.47,48.57,-10.48; 17.00; 48.59,-,-,9,15,-0.98; -1.39; 3.38; -0.61; 0.35,54.09; -108.28; 9.87; 0.46; -1.24,5.99; 4.07; -15.97; 1.46; -0.84,11,25,1,-,1
19:02:48,1:02:48,1/15/2026,1/16/2026,Matthew St. Pe  (#2),34541994,R,Southwest Baptist University,WU,SI,87.64,-1.28,-3.5,2195,244.24,2:15,5.54,12.34,7,-25.42,8.56,17.73,27.05,8.18,79.82,-6.1,-0.18,0.43,-10.66,6.04,-0.82,50,5.45,4.94,-86.85,-2.44,-17.4,27.81,-22.33,7C052EC4-9915-41D8-A371-F0018F18F496,8.16,27.04,8.18; 17.00; 27.05,-,-,2,15,-1.03; 7.82; -9.52; 1.94; -1.31,53.47; -128.27; 14.80; -1.74; 0.67,5.54; -2.90; -11.75; 1.45; -1.07,6,26,1,-,1
19:03:10,1:03:10,1/15/2026,1/16/2026,Matthew St. Pe  (#2),34541994,R,Southwest Baptist University,WU,SI,87.66,-2.48,-4.8,2170,269.11,3:00,5.5,10.64,7.1,-33.74,0.28,17.88,5.08,23.88,80.31,-8.84,-1.46,0.43,-11.12,1.8,-0.61,50,5.34,6.9,-86.69,-4.41,-18.1,27.3,-29.26,49F2D1DA-A479-49A3-BF65-D9F046F46CF8,23.87,5.07,23.88; 17.00; 5.08,-,-,3,0,-0.89; 10.71; -9.86; 1.86; -1.17,53.42; -127.96; 14.05; 0.22; -1.67,5.50; -5.59; -15.30; 1.58; -1.04,14,27,1,-,1
19:03:35,1:03:35,1/15/2026,1/16/2026,Matthew St. Pe  (#2),34541994,R,Southwest Baptist University,WU,SI,87.36,-0.89,-3.62,2107,236.12,1:45,5.67,10.4,7.3,-23.97,9.94,14.79,34.44,14.15,79.37,-5.46,-0.83,0.43,-9.2,6.76,-0.67,50,5.62,5.18,-86.61,-1.78,-14.9,28.17,-21.24,E6E5C885-33E5-486C-9316-4285DC69C457,14.14,34.43,14.15; 17.00; 34.44,-,-,1,45,-0.87; 8.06; -8.15; 1.65; -1.10,53.23; -127.87; 15.00; -1.64; 0.44,5.67; -2.01; -11.11; 1.15; -0.76,12,28,1,-,1
19:04:07,1:04:07,1/15/2026,1/16/2026,Matthew St. Pe  (#2),34541994,R,Southwest Baptist University,WU,SL,77.49,0.9,0.8,2145,99.01,9:15,5.79,10.4,6.3,-43.49,0.6,-3.77,35.92,-15.46,71.86,-7.16,0.11,0.48,2.19,1.15,-0.92,50,5.83,-0.99,-76.93,0.35,2.84,18.7,-30.69,870889E6-BAA6-4001-A34E-0BA55CB955BD,-15.45,35.91,-15.46; 17.00; 35.92,-,-,9,15,-0.87; -1.58; 1.56; -0.29; 0.18,54.19; -113.66; 10.28; -1.98; 1.20,5.79; 1.75; -16.00; 1.30; -0.69,11,29,1,-,1
19:04:31,1:04:31,1/15/2026,1/16/2026,Matthew St. Pe  (#2),34541994,R,Southwest Baptist University,WU,SL,78.66,-0.86,-1.2,1045,93.25,9:00,5.79,9.04,6.6,-42.15,0.33,-5.84,17.91,9.95,73.03,-8.69,-2.27,0.48,2.8,1.46,-0.67,50,5.71,1.75,-78.09,-1.98,3.74,20.04,-30.24,6BA10921-22CE-40E3-BA23-60E01F2A0D1F,9.95,17.89,9.95; 17.00; 17.91,-,-,9,0,-0.75; 2.41; 2.04; -0.36; 0.21,53.94; -115.32; 10.61; -0.79; -0.07,5.79; -1.77; -15.80; 1.40; -0.80,14,30,1,-,1
19:08:55,1:08:55,1/15/2026,1/16/2026,Roberto Garcia  (#12),34542001,L,Southwest Baptist University,WU,CH,71.61,2,0.43,1146,95.3,9:15,5.21,-12.74,6.3,-50.54,1.15,-12.4,34.08,20.39,66.3,-7.39,-1.85,0.52,6.66,1.37,1.04,50,5.33,-0.29,-71.05,1.56,7.38,16.37,-30.67,507A881F-4530-4B56-8A4D-01E41E11B069,20.4,34.06,20.39; 17.00; 34.08,-,-,9,15,1.06; -0.77; 4.05; -0.72; 0.42,54.16; -104.98; 8.90; -1.19; 0.45,5.21; 3.62; -16.04; 1.32; -0.70,12,1,1,-,1
19:09:09,1:09:09,1/15/2026,1/16/2026,Roberto Garcia  (#12),34542001,L,Southwest Baptist University,WU,FF,79.98,-0.72,1.18,1670,146.13,10:45,5.22,-6.35,6.8,-29.63,11.06,-7.43,25.02,0.87,74.05,-6.26,-0.2,0.47,4.27,7.21,0.46,50,5.15,-1.48,-79.45,-1.56,5.93,20.01,-22.18,EE7AF657-251B-4C7D-929B-D8A2BC6E90A4,0.88,25,0.87; 17.00; 25.02,-,-,10,45,0.53; -2.40; 3.24; -0.58; 0.35,53.75; -117.26; 10.58; -0.72; -0.18,5.22; -1.51; -11.59; 1.05; -0.61,8,2,1,-,1
19:09:25,1:09:25,1/15/2026,1/16/2026,Roberto Garcia  (#12),34542001,L,Southwest Baptist University,WU,FC,71.02,0.38,1.88,1309,85.47,8:45,5.12,-8.82,6.5,-53.18,-1.06,-13.4,12.5,1.5,66.1,-9.49,-0.59,0.53,7.62,0.61,0.61,50,5.12,-2.06,-70.49,-0.45,8.3,16.11,-31.52,13E3C273-52D3-4F69-8BB6-468C2553731A,1.51,12.48,1.50; 17.00; 12.50,-,-,8,45,0.73; -3.40; 4.54; -0.76; 0.41,53.95; -104.16; 9.26; -2.65; 1.81,5.12; 0.66; -16.45; 1.27; -0.63,14,3,1,-,1
19:09:38,1:09:38,1/15/2026,1/16/2026,Roberto Garcia  (#12),34542001,L,Southwest Baptist University,WU,FC,76.47,1.58,0.66,1785,141.26,10:45,5.12,-10.33,6.5,-41.76,3.12,-2.5,37.07,5.56,71.13,-6.17,0.2,0.49,1.48,2.35,0.82,50,5.21,-0.82,-75.95,1.3,1.88,17.21,-29.19,BEF6BC36-3E58-4179-A2A9-8E532027204F,5.56,37.05,5.56; 17.00; 37.07,-,-,10,45,0.86; -1.29; 1.03; -0.20; 0.12,54.04; -112.14; 9.44; -1.71; 0.98,5.12; 3.06; -15.25; 1.33; -0.74,3,4,1,-,1
19:10:00,1:10:00,1/15/2026,1/16/2026,Roberto Garcia  (#12),34542001,L,Southwest Baptist University,WU,FC,75.36,-0.37,1.93,1786,221.51,1:30,5.24,-8.97,6.6,-42.05,4.08,3.61,16.79,-15.83,70.3,-8.16,2.59,0.5,-1.46,3.39,0.61,50,5.19,-2.59,-74.83,-1.25,-1.8,17.18,-28,6B51D237-6E68-4B94-9AF1-6B8F7250E780,-15.84,16.77,-15.83; 17.00; 16.79,-,-,1,30,0.75; -3.72; -0.98; 0.15; -0.08,53.95; -110.47; 9.21; -0.94; 0.18,5.24; -0.73; -14.66; 1.36; -0.80,13,5,1,-,1
19:10:21,1:10:21,1/15/2026,1/16/2026,Roberto Garcia  (#12),34542001,L,Southwest Baptist University,WU,CH,71.46,1.72,-0.06,1325,103.94,9:30,5.13,-10.08,6.4,-48.7,3.24,-13.05,31.83,23.76,65.93,-7.35,-2.47,0.53,6.9,2.59,0.85,50,5.23,0.33,-70.9,1.26,7.57,16.99,-29.34,06729F2D-916A-41A5-8D08-2C3DE26D6EA0,23.77,31.81,23.76; 17.00; 31.83,-,-,9,30,0.84; 0.12; 4.15; -0.70; 0.38,54.12; -104.79; 9.37; -1.62; 0.82,5.13; 3.10; -15.31; 1.18; -0.59,12,6,1,-,1
19:10:41,1:10:41,1/15/2026,1/16/2026,Roberto Garcia  (#12),34542001,L,Southwest Baptist University,WU,CH,72.37,1.33,1.04,1351,103.72,9:30,5.22,-9.04,6.4,-47.07,3.62,-14.82,30.25,12.35,66.74,-7.43,-1.69,0.52,8.12,2.87,0.69,50,5.29,-1.01,-71.8,0.81,9.14,17.46,-28.96,84B5671E-540B-4633-8445-28B59207988C,12.37,30.23,12.35; 17.00; 30.25,-,-,9,30,0.75; -1.91; 5.00; -0.84; 0.47,54.14; -106.15; 9.94; -2.66; 1.80,5.22; 2.43; -15.16; 1.34; -0.74,12,7,1,-,1
19:11:10,1:11:10,1/15/2026,1/16/2026,Roberto Garcia  (#12),34542001,L,Southwest Baptist University,WU,CU,66.9,3.96,-0.29,1914,334.99,5:15,5.35,-7.38,6.4,-74.12,-14.49,6.76,33.81,3.8,61.69,-9.84,0.96,0.56,-3.67,-7.41,0.63,50,5.59,0.21,-66.21,3.36,-3.5,15.51,-39.25,215A7593-B3F9-4D95-9431-E4D521E31F2C,3.8,33.78,3.80; 17.00; 33.81,-,-,5,15,0.61; 0.48; -1.91; 0.28; -0.13,54.10; -97.87; 8.23; -0.41; -0.22,5.35; 6.72; -20.47; 1.44; -0.66,6,8,1,-,1
19:11:23,1:11:23,1/15/2026,1/16/2026,Roberto Garcia  (#12),34542001,L,Southwest Baptist University,WU,CU,66.15,2.65,0.69,1875,338.34,5:15,5.3,-6.72,6.2,-77.39,-15.96,6.34,15.56,-7.3,61.31,-11.66,1.86,0.57,-3.14,-7.72,0.5,50,5.45,-0.91,-65.52,1.72,-2.92,15.51,-39.37,8B1B38A5-2B73-4602-9787-CDA5A48227D7,-7.3,15.53,-7.30; 17.00; 15.56,-,-,5,15,0.56; -1.18; -1.60; 0.24; -0.12,54.31; -96.89; 8.17; -0.22; -0.41,5.30; 4.43; -20.59; 1.58; -0.77,13,9,1,-,1
19:11:37,1:11:37,1/15/2026,1/16/2026,Roberto Garcia  (#12),34542001,L,Southwest Baptist University,WU,FF,81.52,-1.01,1.68,1698,149.05,11:00,5.17,-9.45,7,-26.92,12.04,-7.22,24.05,-1.71,75.24,-6.07,0.34,0.46,4.33,7.85,0.69,50,5.09,-2.23,-80.97,-1.92,6.22,21.43,-20.9,433B9808-6BA4-48AA-B6AB-61E10D67B5B3,-1.7,24.04,-1.71; 17.00; 24.05,-,-,11,0,0.79; -3.50; 3.39; -0.60; 0.36,53.55; -119.43; 10.63; 1.59; -2.70,5.17; -2.13; -10.96; 1.16; -0.77,8,10,1,-,1
19:11:53,1:11:53,1/15/2026,1/16/2026,Roberto Garcia  (#12),34542001,L,Southwest Baptist University,WU,CH,72.53,0.43,2.32,1326,103.23,9:30,5.1,-12.73,6.4,-46.93,3.41,-14.51,18.94,1.67,67.01,-8.3,-0.36,0.52,8.32,3,0.9,50,5.1,-2.62,-71.94,-0.3,9.4,17.44,-28.8,1610DB78-697A-4CAB-A667-1A66EDBB568C,1.68,18.92,1.67; 17.00; 18.94,-,-,9,30,1.06; -4.28; 5.14; -0.86; 0.48,54.06; -106.32; 9.66; -1.88; 1.09,5.10; 0.76; -15.07; 1.31; -0.72,8,11,1,-,1
19:12:19,1:12:19,1/15/2026,1/16/2026,Roberto Garcia  (#12),34542001,L,Southwest Baptist University,WU,CH,73.09,1.14,0.47,1333,112.45,9:45,4.98,-10.79,6.5,-43.66,5.81,-14.06,28.67,19.65,67.31,-7.01,-2.13,0.51,7.61,4.09,0.87,50,5.04,-0.32,-72.53,0.66,8.73,18.01,-27.49,96F45DAC-64A3-4560-B813-B7B09C20EB85,19.66,28.65,19.65; 17.00; 28.67,-,-,9,45,0.90; -0.86; 4.75; -0.75; 0.39,54.02; -107.23; 10.28; -2.88; 2.03,4.98; 2.10; -14.39; 1.28; -0.72,14,12,1,-,1
19:12:34,1:12:34,1/15/2026,1/16/2026,Roberto Garcia  (#12),34542001,L,Southwest Baptist University,WU,CU,66.69,4.4,-1.37,1808,319.58,4:45,5.39,-9.02,6.1,-75.25,-14.44,12.3,38.34,11.93,61.32,-9.55,0.9,0.57,-6.85,-7.41,0.85,50,5.68,1.34,-65.91,3.77,-6.46,15.45,-39.17,45B83C8B-3DA5-49F5-93EF-A95E9A47DC90,11.92,38.3,11.93; 17.00; 38.34,-,-,4,45,0.75; 2.31; -3.53; 0.53; -0.27,54.39; -97.55; 8.91; -2.41; 1.51,5.39; 7.44; -20.46; 1.49; -0.70,12,13,1,-,1
19:12:51,1:12:51,1/15/2026,1/16/2026,Roberto Garcia  (#12),34542001,L,Southwest Baptist University,WU,CU,66.75,3.21,-1.39,1877,321.09,4:45,5.4,-5.87,6.3,-73.58,-13.57,10.95,26.75,10.26,61.71,-10.45,0.64,0.57,-6.18,-6.67,0.58,50,5.59,1.4,-66.1,2.48,-5.87,15.4,-38.52,69A80893-069F-49A5-8D15-7895F85FECCF,10.26,26.72,10.26; 17.00; 26.75,-,-,4,45,0.49; 2.35; -3.21; 0.49; -0.25,54.18; -97.70; 8.14; -0.31; -0.31,5.40; 5.43; -20.11; 1.48; -0.70,14,14,1,-,1
19:13:06,1:13:06,1/15/2026,1/16/2026,Roberto Garcia  (#12),34542001,L,Southwest Baptist University,WU,CH,73.91,-0.95,2.81,1411,115.03,9:45,5.04,-9.94,6.9,-42.28,5.25,-11.24,7.85,-9.51,68.49,-8.87,0.72,0.5,6.81,4.35,0.66,50,4.97,-3.39,-73.34,-1.92,8.01,17.92,-27.07,D840444A-192E-41A0-AE4A-0A4F483550EC,-9.5,7.83,-9.51; 17.00; 7.85,-,-,9,45,0.83; -5.29; 4.37; -0.71; 0.39,53.56; -108.25; 9.41; -0.33; -0.46,5.04; -1.83; -14.12; 1.11; -0.56,13,15,1,-,1
19:13:26,1:13:26,1/15/2026,1/16/2026,Roberto Garcia  (#12),34542001,L,Southwest Baptist University,WU,FF,81.45,0.67,0.89,1675,141.23,10:45,5.08,-8.19,7,-31.5,7.57,-6.08,36.73,4.53,74.84,-5.27,-0.24,0.46,3.53,4.99,0.63,50,5.11,-1.14,-80.91,0.37,5.04,22.19,-25.06,14380B89-53C3-4052-986F-7AC4619468C8,4.54,36.72,4.53; 17.00; 36.73,-,-,10,45,0.68; -1.85; 2.76; -0.52; 0.33,53.54; -119.44; 11.95; -1.71; 0.84,5.08; 1.37; -13.15; 1.40; -0.92,3,16,1,-,1
19:13:44,1:13:44,1/15/2026,1/16/2026,Roberto Garcia  (#12),34542001,L,Southwest Baptist University,WU,CU,68.04,3.31,-0.81,1955,321.14,4:45,5.32,-9.2,6.3,-71.25,-13.52,10.89,29.31,7.22,63.01,-9.89,1.2,0.55,-5.96,-6.71,0.82,50,5.53,0.74,-67.4,2.67,-5.91,15.49,-38.84,8857C6F6-8D1C-4F23-8314-6DE3B29D69E4,7.21,29.28,7.22; 17.00; 29.31,-,-,4,45,0.77; 1.38; -3.23; 0.49; -0.25,54.24; -99.59; 8.05; 0.06; -0.65,5.32; 5.72; -20.33; 1.66; -0.86,6,17,1,-,1
19:13:54,1:13:54,1/15/2026,1/16/2026,Roberto Garcia  (#12),34542001,L,Southwest Baptist University,WU,FF,83.1,-1.49,0.21,1523,145.13,10:45,5.24,-6.46,6.9,-32.74,4.73,-3.3,13.85,7.49,77.03,-7.62,-0.41,0.45,1.83,3.92,0.53,50,5.14,-0.23,-82.56,-2.77,2.74,22.1,-26.33,D5067BBF-D6CB-4A7F-B2BA-6B0AB7ADCE62,7.49,13.84,7.49; 17.00; 13.85,-,-,10,45,0.54; -0.44; 1.50; -0.28; 0.17,53.57; -121.87; 12.03; -2.17; 1.33,5.24; -3.21; -13.77; 1.33; -0.83,14,18,1,-,1
19:14:08,1:14:08,1/15/2026,1/16/2026,Roberto Garcia  (#12),34542001,L,Southwest Baptist University,WU,CU,67.15,3.01,-0.08,1768,342.88,5:30,5.21,-8.79,6.5,-75.07,-16.19,4.99,20.66,4.7,62.16,-10.97,0.84,0.56,-2.68,-8.1,0.74,50,5.39,0.01,-66.54,2.27,-2.58,15.8,-39.97,E7A227E4-A516-4029-B301-88AB612D885E,4.7,20.63,4.70; 17.00; 20.66,-,-,5,30,0.73; 0.13; -1.40; 0.21; -0.10,54.00; -98.30; 7.98; 0.74; -1.25,5.21; 5.12; -20.92; 1.68; -0.86,9,19,1,-,1
19:14:25,1:14:25,1/15/2026,1/16/2026,Roberto Garcia  (#12),34542001,L,Southwest Baptist University,WU,CH,74.48,0.17,3.34,1424,105.56,9:30,5.08,-10.32,6.8,-43.1,3.8,-13.64,19.75,-12.6,69.06,-7.89,0.81,0.5,8.18,3.19,0.65,50,5.07,-4.05,-73.88,-0.51,9.81,17.49,-28.36,2F192191-C012-4C30-B5FF-C3548F243130,-12.59,19.73,-12.60; 17.00; 19.75,-,-,9,30,0.86; -6.34; 5.40; -1.05; 0.65,53.65; -109.11; 10.00; -2.97; 2.19,5.08; 0.30; -14.83; 1.32; -0.75,13,20,1,-,1
19:14:45,1:14:45,1/15/2026,1/16/2026,Roberto Garcia  (#12),34542001,L,Southwest Baptist University,WU,FF,82.76,-1.13,-0.19,1560,149.23,11:00,5.1,-7.62,7.1,-31.63,5.96,-3.55,17.23,13.22,76.39,-7.09,-0.85,0.45,1.88,4.57,0.65,50,5.02,0.34,-82.24,-2.2,2.78,22.76,-25.44,BD31E83D-CEE4-4AC5-9F21-9C445F395835,13.22,17.22,13.22; 17.00; 17.23,-,-,11,0,0.64; 0.40; 1.52; -0.29; 0.18,53.39; -121.42; 12.74; -3.48; 2.73,5.10; -2.43; -13.27; 1.18; -0.68,14,21,1,-,1
19:15:03,1:15:03,1/15/2026,1/16/2026,Roberto Garcia  (#12),34542001,L,Southwest Baptist University,WU,CU,67.83,4.39,-0.64,1912,331.94,5:00,5.36,-7.3,6.5,-72.04,-14.16,7.55,40.72,6.77,62.36,-9.07,0.76,0.56,-4.2,-7.42,0.65,50,5.63,0.61,-67.1,3.96,-4.11,15.96,-39.45,FA2F9DD2-D73F-4DE8-BC4D-FE9A73EC4FB1,6.77,40.69,6.77; 17.00; 40.72,-,-,5,0,0.61; 1.09; -2.25; 0.36; -0.19,54.00; -99.17; 8.50; -0.50; -0.17,5.36; 7.57; -20.68; 1.77; -0.95,3,22,1,-,1
19:15:27,1:15:27,1/15/2026,1/16/2026,Roberto Garcia  (#12),34542001,L,Southwest Baptist University,WU,CU,68.66,2.81,0.48,1865,317.84,4:30,5.33,-8.86,6.5,-68.95,-12.71,11.51,25.91,-7.96,63.61,-10.02,2.61,0.55,-5.99,-6.22,0.7,50,5.49,-0.78,-68.06,2.18,-6.04,16.07,-38.46,12653F04-8E23-4F0C-A2A1-F9F1F6A32DF6,-7.96,25.89,-7.96; 17.00; 25.91,-,-,4,30,0.74; -0.86; -3.30; 0.52; -0.27,54.02; -100.48; 7.75; 1.80; -2.24,5.33; 4.89; -20.14; 1.68; -0.89,7,23,1,-,1
19:15:40,1:15:40,1/15/2026,1/16/2026,Roberto Garcia  (#12),34542001,L,Southwest Baptist University,WU,CH,74.45,-1.22,2.14,1349,113.29,9:45,5.01,-10.24,6.7,-41.55,5.51,-12.81,5.12,-0.39,69.3,-8.95,-0.24,0.5,7.39,4.47,0.72,50,4.91,-2.51,-73.9,-2.31,8.87,17.35,-26.83,C5BA8BC9-D549-4A05-AF5E-E6D2A0EC5C2A,-0.38,5.1,-0.39; 17.00; 5.12,-,-,9,45,0.85; -4.05; 4.85; -0.83; 0.47,53.77; -109.09; 9.22; -0.68; -0.08,5.01; -2.36; -14.04; 1.25; -0.71,13,24,1,-,1
19:15:53,1:15:53,1/15/2026,1/16/2026,Roberto Garcia  (#12),34542001,L,Southwest Baptist University,WU,CU,68.51,3.2,-1.67,2061,318.38,4:30,5.39,-6.04,6.4,-71.65,-14.67,13.03,28.52,11.4,63.14,-10.13,0.75,0.55,-7.39,-7.35,0.62,50,5.59,1.73,-67.83,2.57,-7.37,16.57,-39.52,71C8381B-FA49-4724-A54F-86A3169C25A5,11.39,28.49,11.40; 17.00; 28.52,-,-,4,30,0.50; 2.89; -4.02; 0.60; -0.30,54.15; -100.28; 8.78; -0.43; -0.25,5.40; 5.56; -20.66; 1.61; -0.81,14,25,1,-,1
19:16:08,1:16:08,1/15/2026,1/16/2026,Roberto Garcia  (#12),34542001,L,Southwest Baptist University,WU,FF,81.61,-0.47,1.38,1702,162.86,11:30,5.09,-7.81,7.2,-25.69,12.71,-3.92,30.2,-3.28,75.33,-5.33,0.65,0.45,2.49,8.15,0.57,50,5.05,-1.88,-81.12,-1.11,3.6,21.36,-20.43,62877089-B275-4FE2-A0B0-439D7BDA3594,-3.28,30.19,-3.28; 17.00; 30.20,-,-,11,30,0.65; -2.88; 1.97; -0.40; 0.27,53.26; -119.71; 11.91; -3.03; 2.29,5.09; -1.01; -10.68; 1.02; -0.63,5,26,1,-,1
19:23:46,1:23:46,1/15/2026,1/16/2026,Ryne Kaiser  (#34),34542019,R,Southwest Baptist University,WU,FF,86.33,-0.36,-4.14,1831,244.27,2:15,5.67,27.27,8.5,-28.12,4.55,9.45,36.09,7.26,80.21,-5.78,-2.34,0.42,-6.38,3.54,-2.13,50,5.65,6.07,-85.79,-0.9,-10.37,22.43,-26.43,B94D2146-EC4C-488D-A745-EBFF3985E1F4,7.25,36.08,7.26; 17.00; 36.09,-,-,2,15,-2.27; 9.13; -5.70; 1.28; -0.93,52.01; -126.33; 12.48; -3.50; 2.97,5.67; -0.83; -13.74; 1.12; -0.58,3,1,1,-,1
19:24:03,1:24:03,1/15/2026,1/16/2026,Ryne Kaiser  (#34),34542019,R,Southwest Baptist University,WU,SL,77.93,0.46,-2.75,2400,15.41,6:30,5.93,25.58,7.6,-50.69,-8.75,-2.41,25.47,6.45,71.7,-9.19,-3.2,0.47,0.53,-3.92,-1.99,50,5.94,3.75,-77.38,-0.13,0.68,22.24,-37.26,11F736A0-4987-46F0-A7E2-18148B8087C4,6.46,25.45,6.45; 17.00; 25.47,-,-,6,30,-2.13; 5.48; 0.36; -0.01; -0.02,52.90; -114.21; 12.30; -2.60; 1.68,5.93; 0.88; -19.48; 1.79; -1.06,9,2,1,-,1
19:24:26,1:24:26,1/15/2026,1/16/2026,Ryne Kaiser  (#34),34542019,R,Southwest Baptist University,WU,SL,77.52,-1.25,-2.89,2239,68.56,8:15,5.83,26.8,7.5,-46.43,-4.12,-10.5,10.03,14.92,72.1,-10,-4.87,0.47,5.02,-0.86,-2.08,50,5.75,4.06,-76.96,-2.38,6.47,20.54,-33.29,F4579C2C-9D38-4A72-BE08-8B6C69A5C0DB,14.93,10.01,14.92; 17.00; 10.03,-,-,8,15,-2.23; 5.75; 3.55; -0.67; 0.41,52.95; -113.50; 10.64; -0.04; -0.86,5.83; -2.52; -17.42; 1.63; -0.97,14,3,1,-,1
19:24:48,1:24:48,1/15/2026,1/16/2026,Ryne Kaiser  (#34),34542019,R,Southwest Baptist University,WU,FF,86.56,-0.55,-3.63,2055,212.38,1:00,5.72,26.05,7.6,-25.29,8.48,5.38,37.42,7.79,79.99,-5.36,-2.62,0.42,-3.88,5.75,-1.99,50,5.69,5.35,-85.94,-1.25,-6.29,23.61,-22.85,0EC78DC5-7B4E-4F88-A694-65DCE001D174,7.78,37.41,7.79; 17.00; 37.42,-,-,1,0,-2.17; 8.02; -3.44; 0.71; -0.48,52.94; -126.69; 12.42; -0.91; -0.13,5.72; -1.24; -12.00; 1.41; -1.02,3,4,1,-,1
19:25:20,1:25:20,1/15/2026,1/16/2026,Ryne Kaiser  (#34),34542019,R,Southwest Baptist University,WU,FF,86.22,-1.02,-4.17,2125,222.62,1:30,5.71,27.77,7.7,-25.96,8,7.36,31.55,9.86,79.7,-5.95,-2.79,0.42,-5.13,5.62,-2.11,50,5.65,6.1,-85.55,-1.94,-8.24,23.46,-23.15,66E17CAF-7F16-4361-B007-D44510A01598,9.85,31.54,9.86; 17.00; 31.55,-,-,1,30,-2.31; 9.18; -4.49; 0.85; -0.54,52.82; -126.07; 12.12; -0.08; -1.08,5.71; -2.26; -12.16; 1.48; -1.09,6,5,1,-,1
19:25:37,1:25:37,1/15/2026,1/16/2026,Ryne Kaiser  (#34),34542019,R,Southwest Baptist University,WU,FF,87.19,-1.22,-4.24,2079,213.89,1:15,5.75,26.92,7.9,-25.41,7.44,5,30.5,13.55,80.69,-6.07,-3.3,0.42,-3.86,5.38,-2.05,50,5.69,6.32,-86.54,-2.23,-6.35,23.95,-23.33,ABC705A3-BB59-48D6-A8AE-7BADD9580800,13.54,30.49,13.55; 17.00; 30.50,-,-,1,15,-2.24; 9.43; -3.47; 0.70; -0.47,52.56; -127.50; 12.59; -0.97; -0.03,5.75; -2.73; -12.25; 1.48; -1.09,12,6,1,-,1
19:26:00,1:26:00,1/15/2026,1/16/2026,Ryne Kaiser  (#34),34542019,R,Southwest Baptist University,WU,FF,86.04,0.28,-3.73,1932,243.12,2:00,5.6,27.16,7.9,-29.29,4.34,8.57,40.92,4.25,79.8,-5.31,-2.11,0.42,-5.68,3.23,-2.1,50,5.61,5.41,-85.48,-0.03,-9.16,22.41,-26.99,DA61E4B7-9FEF-4683-A9DB-11BCDA588724,4.24,40.91,4.25; 17.00; 40.92,-,-,2,0,-2.26; 8.18; -5.03; 1.09; -0.77,52.58; -125.96; 12.29; -2.72; 2.02,5.60; 0.59; -14.14; 1.58; -1.12,3,7,1,-,1
19:26:29,1:26:29,1/15/2026,1/16/2026,Ryne Kaiser  (#34),34542019,R,Southwest Baptist University,WU,FF,86.43,-2.22,-1.34,1986,247.33,2:15,5.59,29,7.9,-27.81,5.51,13.19,15.53,-27.86,80.38,-7.51,1.16,0.42,-7.71,4.52,-2.36,50,5.49,1.77,-85.95,-3.76,-12.53,23.23,-24.84,97DD2F00-766E-4EAE-BA15-9FBA611458F8,-27.87,15.52,-27.86; 17.00; 15.53,-,-,2,15,-2.42; 2.93; -6.83; 1.31; -0.85,52.60; -126.63; 12.19; -0.79; -0.23,5.59; -4.92; -13.04; 1.55; -1.13,13,8,1,-,1
19:26:56,1:26:56,1/15/2026,1/16/2026,Ryne Kaiser  (#34),34542019,R,Southwest Baptist University,WU,SL,77.94,0.57,-1.52,2093,44.76,7:30,5.84,26.37,7.6,-47.16,-5.73,-5.68,29.06,-4.3,72.57,-8.37,-2.59,0.47,2.76,-2.33,-2.12,50,5.85,2.15,-77.51,0.07,3.64,19.34,-35.26,C70FE4C9-939C-4B3E-A8CE-0D6B202E3AF2,-4.3,29.04,-4.30; 17.00; 29.06,-,-,7,30,-2.20; 3.04; 1.99; -0.37; 0.23,52.87; -114.24; 10.02; -0.02; -0.87,5.84; 1.10; -18.48; 1.87; -1.19,4,9,1,-,1
19:27:33,1:27:33,1/15/2026,1/16/2026,Ryne Kaiser  (#34),34542019,R,Southwest Baptist University,WU,FF,85.99,-1.73,-2.68,2015,200.41,12:45,5.67,29.2,8,-21.91,11.89,4.42,27.53,-4.96,78.75,-5.95,-1.84,0.42,-3.25,8.24,-2.32,50,5.59,3.92,-85.43,-2.91,-5.15,26.16,-19.13,89D80FCE-D95C-4E75-8DC0-9CE081BE3F07,-4.96,27.52,-4.96; 17.00; 27.53,-,-,12,45,-2.43; 5.89; -2.86; 0.74; -0.57,52.46; -125.99; 14.63; -4.18; 3.48,5.67; -3.84; -9.91; 0.70; -0.29,4,10,1,-,1
19:28:07,1:28:07,1/15/2026,1/16/2026,Ryne Kaiser  (#34),34542019,R,Southwest Baptist University,WU,SL,77.21,-0.93,-2.8,2191,45.71,7:30,5.8,26.29,8.6,-47.31,-6.11,-6.27,12.41,9.61,71.14,-10.08,-4.01,0.47,2.75,-2.1,-2.1,50,5.76,3.83,-76.76,-1.76,3.49,22.61,-34.85,07F4EAE5-AF68-49E6-A35D-E24754FF3F8C,9.62,12.39,9.61; 17.00; 12.41,-,-,7,30,-2.19; 5.54; 1.89; -0.26; 0.12,51.93; -113.15; 12.76; -3.61; 2.78,5.80; -1.88; -18.22; 1.69; -1.00,14,11,1,-,1
19:28:26,1:28:26,1/15/2026,1/16/2026,Ryne Kaiser  (#34),34542019,R,Southwest Baptist University,WU,SL,76.95,0.27,-1.28,2217,53.99,7:45,5.73,28.22,7.7,-50.47,-7.87,-10.83,21.23,-3.65,71.41,-9.31,-3.32,0.48,5.67,-3.4,-2.29,50,5.73,1.88,-76.51,-0.37,7.23,20.26,-36.53,D0F61B0C-4ECB-4B29-9373-A29705D1D2A4,-3.64,21.21,-3.65; 17.00; 21.23,-,-,7,45,-2.35; 2.53; 3.94; -0.67; 0.38,52.82; -112.84; 10.87; -1.19; 0.29,5.73; 0.50; -19.07; 1.64; -0.91,7,12,1,-,1
19:28:51,1:28:51,1/15/2026,1/16/2026,Ryne Kaiser  (#34),34542019,R,Southwest Baptist University,WU,CH,78.27,0.05,-1.45,2048,321.43,4:45,6.02,25.17,7.8,-42.26,-0.65,0.52,30.48,-10.1,70.79,-8.11,-1.35,0.47,-0.78,0.88,-2.03,50,6.01,1.96,-77.74,-0.53,-1.01,25.4,-31.05,68D96987-D855-4737-92FD-67CD31C87753,-10.1,30.46,-10.10; 17.00; 30.48,-,-,4,45,-2.10; 2.90; -0.57; 0.16; -0.13,52.73; -114.78; 13.67; -1.74; 0.66,6.02; 0.06; -16.26; 1.58; -0.96,11,13,1,-,1
19:29:23,1:29:23,1/15/2026,1/16/2026,Ryne Kaiser  (#34),34542019,R,Southwest Baptist University,WU,SL,77.61,0.69,-2.01,2204,49.62,7:45,5.79,26.66,8.4,-49.57,-8.71,-10.25,27.19,4.99,71.81,-8.87,-3.98,0.47,5.28,-4.14,-2.14,50,5.8,2.86,-77.21,0.34,6.83,21.3,-37.54,C448A808-66DA-4FC9-A249-5126DB57C11A,5,27.17,4.99; 17.00; 27.19,-,-,7,45,-2.22; 4.02; 3.70; -0.57; 0.29,52.14; -113.85; 12.38; -4.64; 3.93,5.79; 1.33; -19.69; 2.02; -1.29,6,14,1,-,1
19:30:12,1:30:12,1/15/2026,1/16/2026,Ryne Kaiser  (#34),34542019,R,Southwest Baptist University,WU,CH,80.93,-3.15,-3.36,1153,325.97,4:45,5.87,23.32,8,-40.22,-1.69,1.14,-,-,74.54,-10.81,-3.14,0.44,-1.66,1.1,-1.8,50,5.73,4.69,-80.23,-4.98,-2.31,24.45,-30.66,BD04FD30-68B6-4949-AEB9-36D55DBB8C5F,11.54,-3.6,-; -; -,-,-,4,45,-1.94; 6.94; -1.27; 0.26; -0.17,52.52; -118.31; 12.97; -1.11; 0.03,5.87; -6.56; -16.05; 1.61; -1.03,-,15,1,-,1
19:30:34,1:30:34,1/15/2026,1/16/2026,Ryne Kaiser  (#34),34542019,R,Southwest Baptist University,WU,SL,78.32,0.64,-2.95,2190,50.45,7:45,5.82,25.52,8.8,-47.21,-7.72,-9.35,29.43,14.86,72.31,-8.55,-4.75,0.46,4.58,-3.64,-2.04,50,5.84,4.12,-77.91,0.4,6.02,22.2,-36.97,30A3F405-E3A7-4F5E-AC80-A12F6F800184,14.87,29.41,14.86; 17.00; 29.43,-,-,7,45,-2.13; 5.92; 3.29; -0.62; 0.39,51.67; -114.70; 11.70; -0.72; -0.28,5.82; 1.24; -19.24; 1.50; -0.76,14,16,1,-,1
19:30:52,1:30:52,1/15/2026,1/16/2026,Ryne Kaiser  (#34),34542019,R,Southwest Baptist University,WU,FF,86.3,-2.2,-3.55,2272,208.68,1:00,5.79,28.93,8.8,-19.65,13.1,7.17,26.61,1.33,78.58,-6.05,-2.16,0.42,-5.24,9.38,-2.3,50,5.72,5.22,-85.73,-3.52,-8.3,27.98,-17.33,8BB26FBF-504C-4D7C-9BA8-A38B17EA4AC0,1.33,26.6,1.33; 17.00; 26.61,-,-,1,0,-2.41; 7.80; -4.46; 0.63; -0.28,51.72; -126.14; 13.59; 3.21; -5.21,5.79; -4.87; -9.20; 1.49; -1.27,5,17,1,-,1
19:31:20,1:31:20,1/15/2026,1/16/2026,Ryne Kaiser  (#34),34542019,R,Southwest Baptist University,WU,FF,86.49,-0.75,-2.73,2211,199.35,12:45,5.69,29.29,8.5,-16.36,16.59,5.83,43.99,-6.18,78.36,-3.95,-1.61,0.42,-4.2,10.91,-2.35,50,5.66,4.01,-85.99,-1.33,-6.67,28.8,-14.84,F14B58B4-F7A0-410A-B67C-70AE5B1ED040,-6.18,43.99,-6.18; 17.00; 43.99,-,-,12,45,-2.44; 6.02; -3.61; 0.60; -0.34,52.00; -126.68; 15.03; -0.64; -0.72,5.69; -1.67; -7.78; 0.89; -0.63,11,18,1,-,1
19:31:43,1:31:43,1/15/2026,1/16/2026,Ryne Kaiser  (#34),34542019,R,Southwest Baptist University,WU,FF,84.65,-0.99,-1.73,2089,208.34,1:00,5.53,29.3,8.5,-22.74,11.46,6.18,33.11,-17.13,77.42,-5.41,-0.54,0.43,-4.05,7.94,-2.38,50,5.49,2.45,-84.24,-1.73,-6.22,25.85,-19.98,9766633C-2966-47C3-A607-2983BF1D5E2C,-17.14,33.1,-17.13; 17.00; 33.11,-,-,1,0,-2.44; 3.74; -3.42; 0.74; -0.53,52.01; -124.06; 13.47; -0.53; -0.63,5.53; -2.16; -10.46; 1.13; -0.77,11,19,1,-,1
19:32:44,1:32:44,1/15/2026,1/16/2026,Ryne Kaiser  (#34),34542019,R,Southwest Baptist University,WU,FF,86.96,-2.06,-3.03,2071,207.96,1:00,5.61,28.48,7.6,-24.52,9.28,4.93,20.52,-0.72,79.42,-6.73,-2.09,0.42,-3.62,6.78,-2.22,50,5.49,4.46,-86.27,-3.51,-5.82,27.47,-21.28,14E9407B-FD38-4C15-BC5C-B5564EE13CC2,-0.73,20.51,-0.72; 17.00; 20.52,-,-,1,0,-2.37; 6.72; -3.21; 0.75; -0.56,52.95; -127.34; 15.32; -4.37; 3.73,5.61; -4.60; -11.11; 1.07; -0.67,8,20,1,-,1
19:33:13,1:33:13,1/15/2026,1/16/2026,Ryne Kaiser  (#34),34542019,R,Southwest Baptist University,WU,FF,87.15,-1.89,-3.64,2164,205.45,12:45,5.64,25.88,7.6,-20.96,12.73,6.06,26.31,7.4,79.22,-5.9,-2.5,0.42,-4.47,8.72,-1.97,50,5.54,5.38,-86.4,-3.2,-7.19,28.36,-18.14,01DEB7EC-0500-422E-B7F9-2C81D7C837B3,7.39,26.3,7.40; 17.00; 26.31,-,-,12,45,-2.16; 8.11; -3.98; 1.00; -0.77,52.90; -127.50; 15.09; -1.76; 0.66,5.64; -4.24; -9.41; 0.69; -0.31,6,21,1,-,1
19:33:28,1:33:28,1/15/2026,1/16/2026,Ryne Kaiser  (#34),34542019,R,Southwest Baptist University,WU,SL,79.54,-0.26,-4.38,2193,53.6,7:45,5.88,25.81,7.6,-45.88,-5.51,-7.48,21.89,28.99,73.58,-8.93,-5.78,0.46,2.91,-1.95,-1.92,50,5.85,6.16,-78.85,-1.06,3.93,22.07,-34.82,6C1C3783-6CC7-45C2-8648-D0E0B78BD35B,29,21.87,28.99; 17.00; 21.89,-,-,7,45,-2.15; 8.91; 2.11; -0.27; 0.11,52.95; -116.35; 12.16; -2.56; 1.72,5.88; -0.56; -18.19; 1.66; -0.97,14,22,1,-,1
19:33:56,1:33:56,1/15/2026,1/16/2026,Ryne Kaiser  (#34),34542019,R,Southwest Baptist University,WU,SL,78.29,-0.12,-0.96,2151,41.52,7:30,5.71,29.77,7.1,-48.77,-6.42,-5.68,18.41,-13.6,72.09,-9.31,-2.03,0.48,2.81,-2.38,-2.42,50,5.68,1.41,-77.74,-0.99,3.68,22.13,-35.29,8A3A899F-F0E7-492B-88D4-BD2B63BDAAF4,-13.59,18.38,-13.60; 17.00; 18.41,-,-,7,30,-2.48; 1.93; 2.04; -0.46; 0.32,53.45; -114.79; 11.58; -0.39; -0.58,5.71; -0.27; -18.48; 1.79; -1.09,13,23,1,-,1
19:34:22,1:34:22,1/15/2026,1/16/2026,Ryne Kaiser  (#34),34542019,R,Southwest Baptist University,WU,SL,77.37,0.44,-1.85,2189,43.98,7:30,5.87,27.08,7.9,-51.62,-9.6,-9.26,23.53,2.06,71.14,-9.46,-3.62,0.47,4.64,-4.43,-2.17,50,5.88,2.63,-76.89,-0.11,5.92,22.57,-37.84,9FA94B09-372C-4D77-B032-BEFC98F0295A,2.06,23.51,2.06; 17.00; 23.53,-,-,7,30,-2.26; 3.68; 3.26; -0.67; 0.44,52.57; -113.35; 11.37; 1.05; -2.09,5.87; 0.82; -19.77; 1.78; -1.03,8,24,1,-,1
19:34:57,1:34:57,1/15/2026,1/16/2026,Ryne Kaiser  (#34),34542019,R,Southwest Baptist University,WU,FF,85.96,0.47,-0.92,2077,221.47,1:30,5.66,26.98,7.8,-24.41,9.48,8.38,48.54,-25.5,78.88,-4.22,0.67,0.42,-4.93,6.16,-2.21,50,5.68,1.22,-85.52,0.32,-7.87,25.15,-22.37,DDF8D374-DD98-491C-B01E-5FADF6EAF2C5,-25.51,48.53,-25.50; 17.00; 48.54,-,-,1,30,-2.25; 2.00; -4.30; 0.87; -0.58,52.65; -125.98; 12.29; 2.60; -4.29,5.66; 1.01; -11.69; 1.19; -0.77,11,25,1,-,1
19:35:46,1:35:46,1/15/2026,1/16/2026,Ryne Kaiser  (#34),34542019,R,Southwest Baptist University,WU,SL,78.22,0.08,-3.26,2206,50.29,7:45,5.83,27.47,7.5,-51.01,-9.35,-11.26,19.76,19.06,72.75,-9.54,-5.37,0.47,5.33,-4.18,-2.11,50,5.81,4.62,-77.65,-0.68,7,20.76,-37.68,93AA182D-9DA1-42B4-AC9B-B854D5398255,19.06,19.74,19.06; 17.00; 19.76,-,-,7,45,-2.29; 6.54; 3.81; -0.65; 0.37,53.02; -114.54; 11.08; -1.13; 0.26,5.83; 0.11; -19.64; 1.59; -0.83,14,26,1,-,1
19:36:01,1:36:01,1/15/2026,1/16/2026,Ryne Kaiser  (#34),34542019,R,Southwest Baptist University,WU,SL,77.46,1.01,-1.11,2230,32.87,7:00,5.79,28.54,7.3,-54.08,-11.21,-7.25,26.38,-9.28,71.48,-9.21,-2.47,0.48,3.65,-5.4,-2.31,50,5.83,1.62,-76.94,0.49,4.69,21.27,-39.12,B45DD070-A011-4919-A4B7-CBA5E19CD3C6,-9.27,26.35,-9.28; 17.00; 26.38,-,-,7,0,-2.38; 2.20; 2.57; -0.48; 0.29,53.24; -113.53; 10.92; 0.37; -1.35,5.79; 1.98; -20.53; 2.14; -1.37,4,27,1,-,1
19:36:23,1:36:23,1/15/2026,1/16/2026,Ryne Kaiser  (#34),34542019,R,Southwest Baptist University,WU,FF,85.13,-0.04,-4.27,2183,198.95,12:45,5.66,27.58,8,-25.6,9.05,3.11,41.85,15.04,77.59,-4.98,-3.68,0.43,-3.01,6.18,-2.11,50,5.65,6.25,-84.46,-0.43,-4.65,26.46,-22.66,F499AC50-76A8-4513-AF52-E8D5EBF83C3A,15.03,41.84,15.04; 17.00; 41.85,-,-,12,45,-2.30; 9.28; -2.55; 0.54; -0.37,52.47; -124.55; 14.44; -2.94; 2.10,5.66; -0.11; -11.88; 1.32; -0.92,12,28,1,-,1
19:36:56,1:36:56,1/15/2026,1/16/2026,Ryne Kaiser  (#34),34542019,R,Southwest Baptist University,WU,FF,85.69,-0.7,-3.29,2120,199,12:45,5.67,26.32,8.1,-22.93,11.13,3.83,37.59,5.03,78.16,-5.13,-2.56,0.43,-3.13,7.56,-2.05,50,5.63,4.83,-85.11,-1.37,-4.9,26.72,-20.34,79734515-78B0-4D61-B977-056D98473825,5.03,37.58,5.03; 17.00; 37.59,-,-,12,45,-2.19; 7.20; -2.72; 0.68; -0.52,52.43; -125.57; 15.55; -6.61; 6.32,5.67; -1.56; -10.61; 1.01; -0.62,3,29,1,-,1
19:37:13,1:37:13,1/15/2026,1/16/2026,Ryne Kaiser  (#34),34542019,R,Southwest Baptist University,WU,SL,78.12,0.05,-2.5,2256,51.62,7:45,5.81,28.28,7.6,-49.41,-7.65,-9.65,20.89,8.32,72.04,-9.33,-4.32,0.47,4.62,-3.18,-2.23,50,5.8,3.54,-77.58,-0.67,6.01,22.22,-36.33,594A06E3-34A7-4B11-9113-0A53063CD893,8.33,20.87,8.32; 17.00; 20.89,-,-,7,45,-2.36; 5.00; 3.28; -0.58; 0.34,52.94; -114.49; 12.07; -1.94; 1.04,5.81; 0.06; -18.97; 1.66; -0.94,9,30,1,-,1
19:37:41,1:37:41,1/15/2026,1/16/2026,Ryne Kaiser  (#34),34542019,R,Southwest Baptist University,WU,FF,86.53,-1.76,-1.36,2166,220.11,1:15,5.72,30.29,8.2,-24.82,8.18,6.9,25,-22.68,79.52,-6.55,-0.04,0.42,-4.29,6.12,-2.47,50,5.64,1.93,-86.08,-2.99,-6.92,26.1,-22.32,7423EFFD-0E79-4D04-B009-EE856ED7E7F7,-22.69,24.99,-22.68; 17.00; 25.00,-,-,1,15,-2.52; 3.00; -3.81; 0.87; -0.64,52.26; -126.84; 14.10; -2.51; 1.70,5.72; -3.92; -11.74; 1.48; -1.12,13,31,1,-,1
19:37:59,1:37:59,1/15/2026,1/16/2026,Ryne Kaiser  (#34),34542019,R,Southwest Baptist University,WU,CH,77.6,-0.83,-0.34,948,306.84,4:15,5.89,26.41,7.8,-45.75,-4.1,5.47,16.03,-28.17,71.82,-9.55,0.7,0.47,-3.16,-0.97,-2.19,50,5.84,0.38,-77.18,-1.75,-4.09,21.09,-33.45,4D51D42A-DCBA-4522-BB6F-806491C9521B,-28.18,16.01,-28.17; 17.00; 16.03,-,-,4,15,-2.20; 0.67; -2.23; 0.41; -0.24,52.65; -113.80; 11.15; -0.80; -0.11,5.89; -1.68; -17.49; 1.61; -0.95,13,32,1,-,1
19:38:17,1:38:17,1/15/2026,1/16/2026,Ryne Kaiser  (#34),34542019,R,Southwest Baptist University,WU,FF,86.17,-0.99,-3.44,2135,217.76,1:15,5.57,28.93,8.7,-22.41,10.31,7.99,33.93,-0.56,78.98,-5.36,-1.9,0.42,-5.59,7.26,-2.31,50,5.53,5.04,-85.68,-1.74,-8.91,26.02,-20.61,36510550-7C96-439C-B8F8-E78AE055ABB2,-0.56,33.92,-0.56; 17.00; 33.93,-,-,1,15,-2.41; 7.57; -4.84; 0.88; -0.53,51.77; -126.10; 13.30; 0.53; -2.00,5.57; -2.20; -10.77; 1.12; -0.75,5,33,1,-,1
19:38:45,1:38:45,1/15/2026,1/16/2026,Ryne Kaiser  (#34),34542019,R,Southwest Baptist University,WU,FF,85.82,-2.09,-2.62,2208,205.17,12:45,5.63,29.53,8.9,-22.11,10.7,5.03,23.42,-6.99,78.52,-6.42,-1.65,0.42,-3.7,7.91,-2.39,50,5.57,3.84,-85.36,-3.35,-5.83,26.91,-19.72,5D403630-E4BB-4290-8FDC-CFFC7884A956,-7,23.41,-6.99; 17.00; 23.42,-,-,12,45,-2.46; 5.74; -3.21; 0.74; -0.55,51.57; -125.71; 15.03; -4.42; 3.85,5.63; -4.61; -10.30; 1.05; -0.68,7,34,1,-,1
19:41:38,1:41:38,1/15/2026,1/16/2026,Ryne Kaiser  (#34),34542019,R,Southwest Baptist University,WU,FF,85.47,-0.84,-3.38,2023,209.99,1:00,5.68,28.27,8.5,-23.52,10.1,5.83,35.72,1.73,78.3,-5.41,-2.26,0.42,-4.29,7.05,-2.24,50,5.65,4.92,-84.95,-1.55,-6.73,25.71,-21.13,B13682EC-48C1-4DBB-90D7-3C2511DE28F8,1.72,35.71,1.73; 17.00; 35.72,-,-,1,0,-2.36; 7.36; -3.63; 0.55; -0.28,52.03; -125.09; 13.10; 0.64; -2.04,5.68; -1.86; -11.13; 1.46; -1.13,2,35,1,-,1
19:42:14,1:42:14,1/15/2026,1/16/2026,Ryne Kaiser  (#34),34542019,R,Southwest Baptist University,WU,CH,77.68,1.59,-0.51,1076,304.21,4:15,6.1,26.12,8.4,-43.38,-2.55,3.75,46.73,-24.43,71.18,-6.84,0.21,0.47,-2.29,-0.81,-2.16,50,6.16,0.64,-77.29,1.63,-2.96,21.9,-33.23,40E29C7E-530E-438A-A1CB-40C5CEA1260C,-24.43,46.71,-24.43; 17.00; 46.73,-,-,4,15,-2.18; 1.01; -1.61; 0.25; -0.13,52.13; -113.81; 10.75; 2.00; -3.11,6.10; 3.11; -17.31; 1.39; -0.72,11,36,1,-,1
19:43:09,1:43:09,1/15/2026,1/16/2026,Ryne Kaiser  (#34),34542019,R,Southwest Baptist University,WU,FF,84.93,-0.52,-3.2,2005,224.61,1:30,5.65,27.24,9.5,-25.09,7.42,7.32,37.25,-1.3,78.38,-5.48,-1.77,0.42,-5.2,5.51,-2.21,50,5.64,4.65,-84.59,-0.97,-8.13,24,-23.56,0D1CB8FA-3635-41E4-BCAC-FF396F70C7E3,-1.31,37.23,-1.30; 17.00; 37.25,-,-,1,30,-2.27; 6.93; -4.43; 0.87; -0.57,51.01; -124.35; 12.53; -0.67; -0.38,5.65; -1.16; -12.31; 1.27; -0.84,2,37,1,-,1
19:43:27,1:43:27,1/15/2026,1/16/2026,Ryne Kaiser  (#34),34542019,R,Southwest Baptist University,WU,SL,76.74,1.44,-0.21,2166,42.84,7:30,5.76,27.92,7.8,-51.23,-8.57,-7.95,33.32,-17.75,71.04,-8.34,-1.71,0.48,4.38,-4.14,-2.31,50,5.81,0.4,-76.31,1.19,5.56,19.87,-37.45,598B533C-8AE7-4A6B-813E-AD261E0703B0,-17.74,33.3,-17.75; 17.00; 33.32,-,-,7,30,-2.33; 0.42; 3.05; -0.57; 0.35,52.74; -112.42; 9.54; 2.51; -3.47,5.76; 2.78; -19.56; 1.72; -0.97,11,38,1,-,1
19:43:50,1:43:50,1/15/2026,1/16/2026,Ryne Kaiser  (#34),34542019,R,Southwest Baptist University,WU,FF,84.9,-0.25,-2.88,2117,216.31,1:15,5.67,25.98,9.2,-24.23,8.75,6.43,41.18,-2.28,78.11,-5.02,-1.63,0.42,-4.56,6.21,-2.1,50,5.66,4.18,-84.55,-0.59,-7.11,24.55,-22.51,26964544-7AEA-45A4-A651-8ED83C01BD65,-2.29,41.17,-2.28; 17.00; 41.18,-,-,1,15,-2.17; 6.24; -3.86; 0.71; -0.44,51.32; -124.31; 12.20; 1.81; -3.41,5.67; -0.57; -11.66; 0.80; -0.32,2,39,1,-,1
19:44:11,1:44:11,1/15/2026,1/16/2026,Ryne Kaiser  (#34),34542019,R,Southwest Baptist University,WU,CH,77.92,0.13,-2.3,2015,264.4,2:45,5.98,24.37,8.7,-39.59,0.61,6.17,33.54,-6.23,71.32,-7.6,-1.11,0.46,-4.26,1.48,-1.96,50,5.98,3.04,-77.53,-0.24,-5.53,22.73,-30.27,D3C477B1-BD2E-4B76-95AD-E382B46488EB,-6.24,33.53,-6.23; 17.00; 33.54,-,-,2,45,-2.03; 4.58; -3.03; 0.60; -0.39,51.83; -114.20; 12.21; -1.56; 0.63,5.98; 0.23; -15.85; 1.57; -0.99,4,40,1,-,1
19:44:41,1:44:41,1/15/2026,1/16/2026,Ryne Kaiser  (#34),34542019,R,Southwest Baptist University,WU,SL,76.94,2.32,-1.07,2151,55.72,7:45,5.74,27.74,9.5,-46.64,-7.01,-10.28,46.34,-6.37,71.04,-6.91,-3.08,0.46,5.83,-3.8,-2.29,50,5.78,1.52,-76.67,2.78,7.46,20.57,-37.04,6ADEF0B8-B0F4-4CDE-95BB-93C7B38FBFD1,-6.36,46.33,-6.37; 17.00; 46.34,-,-,7,45,-2.31; 2.12; 4.04; -0.62; 0.32,50.99; -112.78; 11.45; -2.76; 1.97,5.74; 4.52; -19.32; 1.65; -0.91,11,41,1,-,1
